DATE,SITE,NEMA,COPE,NAUP,OSTR,GAST,CILI,TURB,POLY,BIVA
9/7/1972,BB,263,18,-99,1,-99,-99,0,3,1
9/7/1972,BB,104,16,-99,1,-99,-99,0,1,3
9/7/1972,BB,134,19,-99,1,-99,-99,2,1,1
9/7/1972,BB,75,9,-99,5,-99,-99,0,1,3
10/7/1972,BB,148,59,-99,0,-99,-99,0,2,8
10/7/1972,BB,295,168,-99,0,-99,-99,0,4,25
10/7/1972,BB,288,191,-99,0,-99,-99,0,12,22
10/7/1972,BB,265,83,-99,0,-99,-99,0,15,15
11/4/1972,BB,234,333,-99,1,-99,-99,0,8,6
11/4/1972,BB,238,279,-99,1,-99,-99,0,35,9
11/4/1972,BB,193,231,-99,5,-99,-99,1,23,19
11/4/1972,BB,197,172,-99,3,-99,-99,0,13,14
12/1/1972,BB,388,100,-99,1,-99,-99,0,11,3
12/1/1972,BB,160,29,-99,1,-99,-99,0,4,1
12/1/1972,BB,391,102,-99,0,-99,-99,0,14,6
9/7/1972,DD,608,84,-99,14,144,-99,148,16,7
9/7/1972,DD,731,144,-99,29,164,-99,150,17,7
9/7/1972,DD,950,130,-99,11,88,-99,116,28,4
9/7/1972,DD,1011,158,-99,13,9,-99,97,27,3
10/7/1972,DD,904,166,-99,11,160,-99,119,7,7
10/7/1972,DD,1002,185,-99,7,77,-99,116,5,4
10/7/1972,DD,781,65,-99,6,64,-99,117,7,4
10/7/1972,DD,845,273,-99,8,84,-99,81,17,0
11/4/1972,DD,369,62,-99,3,91,-99,32,7,5
11/4/1972,DD,418,71,-99,23,116,-99,44,19,4
11/4/1972,DD,385,109,-99,4,101,-99,41,3,2
11/4/1972,DD,347,198,-99,3,30,-99,21,4,3
12/1/1972,DD,380,35,-99,0,20,-99,2,0,2
12/1/1972,DD,417,45,-99,1,20,-99,3,1,2
12/1/1972,DD,322,34,-99,1,6,-99,2,2,1
12/1/1972,DD,442,65,-99,4,5,-99,0,1,1
1/17/1973,BB,219,15,-99,1,-99,-99,0,12,3
1/17/1973,BB,299,19,-99,0,-99,-99,0,16,3
1/17/1973,BB,313,39,-99,0,-99,-99,0,6,3
1/17/1973,BB,248,17,-99,0,-99,-99,0,9,1
2/7/1973,BB,418,27,-99,1,-99,-99,0,25,5
2/7/1973,BB,337,17,-99,0,-99,-99,0,18,0
2/7/1973,BB,412,9,-99,0,-99,-99,0,15,2
2/7/1973,BB,213,4,-99,2,-99,-99,0,17,3
3/16/1973,BB,401,75,-99,2,-99,-99,1,3,1
3/16/1973,BB,313,29,-99,0,-99,-99,0,11,2
3/16/1973,BB,212,18,-99,0,-99,-99,0,12,0
3/16/1973,BB,389,102,-99,0,-99,-99,0,4,2
4/17/1973,BB,410,171,-99,1,-99,-99,0,8,9
4/17/1973,BB,221,249,-99,0,-99,-99,0,7,0
4/17/1973,BB,239,204,-99,0,-99,-99,0,4,9
4/17/1973,BB,257,274,-99,1,-99,-99,0,7,8
5/12/1973,BB,255,20,-99,1,-99,-99,1,20,8
5/12/1973,BB,258,22,-99,2,-99,-99,0,20,2
5/12/1973,BB,167,18,-99,2,-99,-99,0,28,3
5/12/1973,BB,159,5,-99,1,-99,-99,0,20,0
6/14/1973,BB,455,68,-99,1,-99,-99,0,2,1
6/14/1973,BB,517,98,-99,2,-99,-99,0,3,0
6/14/1973,BB,595,169,-99,1,-99,-99,0,6,0
7/12/1973,BB,900,107,-99,0,-99,-99,0,7,3
7/12/1973,BB,654,81,-99,1,-99,-99,0,12,8
7/12/1973,BB,947,204,-99,0,-99,-99,0,37,17
7/12/1973,BB,268,95,-99,13,-99,-99,0,0,26
8/10/1973,BB,812,129,-99,0,-99,-99,0,11,5
8/10/1973,BB,374,153,-99,0,-99,-99,0,29,12
8/10/1973,BB,329,137,-99,0,-99,-99,0,6,5
8/10/1973,BB,617,106,-99,0,-99,-99,0,9,3
9/10/1973,BB,369,94,-99,3,-99,1,1,5,1
9/10/1973,BB,638,99,-99,25,-99,0,3,26,9
9/10/1973,BB,594,136,-99,20,-99,0,0,26,5
9/10/1973,BB,1390,61,-99,43,-99,4,7,75,1
10/8/1973,BB,225,57,-99,1,-99,9,1,38,2
10/8/1973,BB,340,39,-99,4,-99,3,2,33,2
10/8/1973,BB,126,35,-99,0,-99,5,1,23,3
10/8/1973,BB,191,37,-99,0,-99,3,2,23,2
11/8/1973,BB,242,39,-99,1,-99,6,0,15,11
11/8/1973,BB,237,33,-99,3,-99,3,0,14,12
11/8/1973,BB,203,53,-99,11,-99,3,8,32,21
11/8/1973,BB,149,41,-99,0,-99,3,7,22,5
12/6/1973,BB,543,88,-99,5,-99,9,3,36,23
12/6/1973,BB,480,122,-99,6,-99,6,3,44,27
12/6/1973,BB,342,89,-99,9,-99,2,4,38,32
12/6/1973,BB,493,95,-99,6,-99,0,0,46,35
1/17/1973,DD,364,57,-99,2,23,-99,0,1,0
1/17/1973,DD,396,9,-99,0,3,-99,0,4,0
1/17/1973,DD,419,26,-99,2,11,-99,0,1,2
1/17/1973,DD,363,13,-99,2,9,-99,1,1,2
2/7/1973,DD,462,37,-99,1,21,-99,0,2,1
2/7/1973,DD,455,18,-99,1,3,-99,0,1,2
2/7/1973,DD,593,27,-99,0,4,-99,0,1,3
2/7/1973,DD,447,22,-99,0,2,-99,0,4,4
3/16/1973,DD,435,21,-99,3,7,-99,0,1,0
3/16/1973,DD,413,36,-99,2,9,-99,0,0,0
3/16/1973,DD,600,68,-99,0,18,-99,0,0,0
3/16/1973,DD,669,28,-99,0,5,-99,0,0,0
4/17/1973,DD,550,74,-99,6,26,-99,0,1,11
4/17/1973,DD,594,77,-99,1,19,-99,0,0,0
4/17/1973,DD,496,56,-99,1,35,-99,0,0,1
4/17/1973,DD,670,76,-99,0,34,-99,0,0,2
5/12/1973,DD,380,42,-99,2,85,-99,45,5,4
5/12/1973,DD,470,30,-99,5,94,-99,58,11,6
5/12/1973,DD,434,22,-99,6,47,-99,32,14,8
5/12/1973,DD,529,30,-99,1,77,-99,30,4,9
6/14/1973,DD,734,141,-99,1,60,-99,2,7,4
6/14/1973,DD,676,128,-99,4,41,-99,4,3,2
6/14/1973,DD,578,128,-99,4,59,-99,2,1,3
6/14/1973,DD,374,66,-99,2,25,-99,0,4,2
7/12/1973,DD,478,8,-99,0,153,-99,1,11,2
7/12/1973,DD,516,17,-99,0,189,-99,2,18,2
7/12/1973,DD,472,22,-99,0,172,-99,6,7,0
7/12/1973,DD,268,5,-99,1,27,-99,0,0,0
8/10/1973,DD,343,52,-99,1,61,25,14,2,1
8/10/1973,DD,496,42,-99,0,291,53,13,12,1
8/10/1973,DD,707,21,-99,0,179,7,5,3,4
8/10/1973,DD,509,55,-99,0,221,55,23,5,2
9/10/1973,DD,996,101,-99,14,439,106,153,24,13
9/10/1973,DD,1197,66,-99,4,484,96,100,12,2
9/10/1973,DD,1002,59,-99,11,614,65,106,13,8
9/10/1973,DD,1477,116,-99,8,519,82,109,13,11
10/8/1973,DD,856,53,-99,8,153,17,22,3,11
10/8/1973,DD,667,41,-99,1,262,34,19,2,0
10/8/1973,DD,804,67,-99,2,308,18,18,7,8
10/8/1973,DD,648,67,-99,1,359,30,28,2,1
11/8/1973,DD,571,62,-99,0,372,32,59,1,2
11/8/1973,DD,669,52,-99,7,352,13,48,0,6
11/8/1973,DD,565,187,-99,3,247,12,46,4,2
11/8/1973,DD,460,59,-99,0,278,23,47,2,2
12/6/1973,DD,804,39,-99,7,340,147,178,7,3
12/6/1973,DD,734,59,-99,8,258,65,105,12,9
12/6/1973,DD,871,36,-99,5,225,119,138,5,4
12/6/1973,DD,610,46,-99,13,208,30,86,16,7
1/8/1974,BB,472,23,-99,2,-99,1,1,49,7
1/8/1974,BB,550,28,-99,5,-99,0,0,39,2
1/8/1974,BB,500,13,-99,1,-99,2,1,39,5
1/8/1974,BB,899,26,-99,5,-99,1,4,62,14
2/5/1974,BB,508,46,-99,1,-99,0,0,27,1
2/5/1974,BB,428,69,-99,4,-99,0,2,23,4
2/5/1974,BB,371,42,-99,4,-99,0,1,20,2
2/5/1974,BB,483,54,-99,5,-99,0,1,26,6
3/7/1974,BB,898,378,-99,1,-99,0,0,38,79
3/7/1974,BB,545,513,-99,8,-99,0,1,27,56
3/7/1974,BB,427,197,-99,0,-99,0,1,29,23
3/7/1974,BB,472,139,-99,1,-99,0,0,30,12
4/5/1974,BB,252,228,-99,2,-99,0,0,19,87
4/5/1974,BB,320,237,-99,3,-99,0,0,37,47
4/5/1974,BB,300,257,-99,5,-99,0,0,42,43
4/5/1974,BB,261,242,-99,5,-99,0,0,28,47
5/3/1974,BB,253,99,-99,1,-99,0,0,23,1
5/3/1974,BB,414,56,-99,1,-99,0,0,18,8
5/3/1974,BB,108,56,-99,0,-99,0,0,25,7
5/3/1974,BB,286,82,-99,0,-99,0,0,20,1
6/5/1974,BB,271,66,-99,3,-99,2,0,22,4
6/5/1974,BB,387,302,-99,6,-99,0,0,32,5
6/5/1974,BB,306,114,-99,2,-99,0,3,26,7
6/5/1974,BB,431,61,-99,5,-99,0,1,30,1
7/5/1974,BB,560,41,-99,17,-99,0,1,17,13
7/5/1974,BB,388,70,-99,1,-99,0,0,7,3
7/5/1974,BB,804,181,-99,12,-99,0,0,29,14
7/5/1974,BB,1018,80,-99,6,-99,3,1,20,2
8/6/1974,BB,204,40,-99,2,-99,3,0,19,4
8/6/1974,BB,147,65,-99,2,-99,0,0,8,4
8/6/1974,BB,130,40,-99,0,-99,3,0,7,1
8/6/1974,BB,199,36,-99,3,-99,0,0,13,1
9/13/1974,BB,268,165,-99,0,-99,3,0,22,4
9/13/1974,BB,234,104,-99,0,-99,0,0,12,0
9/13/1974,BB,117,69,-99,2,-99,2,0,4,5
9/13/1974,BB,571,33,-99,0,-99,0,5,5,1
10/15/1974,BB,229,12,-99,2,-99,0,0,15,3
10/15/1974,BB,265,27,-99,8,-99,3,2,13,5
10/15/1974,BB,176,60,-99,3,-99,0,0,23,3
10/15/1974,BB,290,70,-99,5,-99,3,0,29,5
11/14/1974,BB,560,117,-99,2,-99,0,2,38,3
11/14/1974,BB,692,164,-99,8,-99,5,1,57,20
11/14/1974,BB,538,138,-99,2,-99,2,1,33,12
11/14/1974,BB,746,175,-99,7,-99,4,0,34,6
12/13/1974,BB,764,103,-99,0,-99,0,0,35,6
12/13/1974,BB,466,77,-99,1,-99,0,0,19,14
12/13/1974,BB,844,46,-99,2,-99,0,0,28,6
12/13/1974,BB,960,99,-99,1,-99,0,0,29,11
1/8/1974,DD,782,122,-99,3,100,21,42,4,2
1/8/1974,DD,368,100,-99,2,114,28,46,3,1
1/8/1974,DD,644,28,-99,1,228,16,61,4,1
1/8/1974,DD,437,143,-99,2,198,16,24,2,2
2/5/1974,DD,656,89,-99,3,98,55,54,8,2
2/5/1974,DD,1035,54,-99,0,521,58,49,3,2
2/5/1974,DD,476,70,-99,3,96,21,15,3,0
2/5/1974,DD,691,32,-99,2,146,8,11,4,1
3/7/1974,DD,582,196,-99,0,229,23,38,2,0
3/7/1974,DD,412,46,-99,0,138,12,30,5,2
3/7/1974,DD,680,77,-99,2,175,15,30,3,2
3/7/1974,DD,464,38,-99,0,177,37,47,3,1
4/5/1974,DD,263,35,-99,0,197,24,30,3,0
4/5/1974,DD,430,46,-99,1,289,49,46,6,2
4/5/1974,DD,459,27,-99,1,166,14,29,3,5
4/5/1974,DD,591,36,-99,1,301,9,26,2,3
5/3/1974,DD,648,73,-99,9,244,74,141,11,5
5/3/1974,DD,603,18,-99,2,340,83,205,9,0
5/3/1974,DD,662,32,-99,1,252,60,116,15,0
5/3/1974,DD,674,60,-99,4,316,74,159,11,5
6/5/1974,DD,687,67,-99,1,342,28,47,4,4
6/5/1974,DD,1219,83,-99,1,724,38,77,8,2
6/5/1974,DD,1371,120,-99,3,341,28,86,8,4
6/5/1974,DD,716,98,-99,3,178,25,47,9,2
7/5/1974,DD,996,88,-99,3,155,13,25,6,3
7/5/1974,DD,912,59,-99,3,277,35,58,5,3
7/5/1974,DD,709,60,-99,1,78,23,32,5,4
7/5/1974,DD,1105,30,-99,0,505,20,34,15,0
8/6/1974,DD,1044,161,-99,0,480,44,85,8,3
8/6/1974,DD,884,49,-99,3,160,7,18,9,2
8/6/1974,DD,1077,142,-99,3,217,30,58,19,2
8/6/1974,DD,1348,189,-99,11,315,33,63,18,5
9/13/1974,DD,821,144,-99,4,288,15,29,5,0
9/13/1974,DD,858,121,-99,3,250,20,41,3,0
9/13/1974,DD,703,49,-99,2,247,21,36,6,0
9/13/1974,DD,1035,122,-99,6,403,13,22,5,1
10/15/1974,DD,608,41,-99,2,494,7,30,2,0
10/15/1974,DD,754,98,-99,2,538,12,28,7,0
10/15/1974,DD,557,69,-99,0,116,3,21,5,0
10/15/1974,DD,783,74,-99,2,360,13,22,3,0
11/14/1974,DD,1253,111,-99,2,138,11,23,5,0
11/14/1974,DD,1123,90,-99,7,168,22,33,4,3
11/14/1974,DD,998,227,-99,3,63,8,26,5,0
11/14/1974,DD,969,96,-99,11,111,20,37,3,0
12/13/1974,DD,851,270,-99,2,306,22,43,5,0
12/13/1974,DD,402,255,-99,3,99,3,9,2,0
12/13/1974,DD,516,316,-99,2,97,5,17,2,0
12/13/1974,DD,556,350,-99,11,55,2,13,6,0
1/9/1975,BB,1032,65,-99,2,-99,3,0,49,7
1/9/1975,BB,882,68,-99,3,-99,0,0,36,14
1/9/1975,BB,2043,70,-99,2,-99,0,0,83,11
1/9/1975,BB,1448,58,-99,0,-99,0,0,45,6
2/10/1975,BB,1917,25,-99,2,-99,0,12,29,2
2/10/1975,BB,3010,88,-99,15,-99,0,60,64,5
2/10/1975,BB,2612,49,-99,6,-99,0,28,47,2
2/10/1975,BB,3027,59,-99,7,-99,0,58,42,3
3/13/1975,BB,3344,43,-99,6,-99,0,19,63,2
3/13/1975,BB,2620,86,-99,4,-99,0,22,56,3
3/13/1975,BB,3228,27,-99,2,-99,0,14,57,1
3/13/1975,BB,2849,58,-99,1,-99,0,19,64,3
4/8/1975,BB,3070,86,-99,5,-99,0,7,52,11
4/8/1975,BB,3581,45,-99,5,-99,0,3,35,6
4/8/1975,BB,3283,56,-99,7,-99,0,5,104,13
4/8/1975,BB,2779,111,-99,8,-99,0,12,68,15
5/9/1975,BB,3631,96,-99,6,-99,0,2,46,18
5/9/1975,BB,2231,37,-99,3,-99,0,0,24,5
5/9/1975,BB,3083,99,-99,16,-99,0,3,62,33
6/5/1975,BB,968,79,-99,8,-99,3,0,22,15
6/5/1975,BB,1050,67,-99,3,-99,0,1,12,7
6/5/1975,BB,765,54,-99,4,-99,0,0,19,3
6/5/1975,BB,991,38,-99,2,-99,0,0,16,5
7/7/1975,BB,1004,50,-99,21,-99,0,4,21,4
7/7/1975,BB,750,119,-99,18,-99,0,3,15,7
7/7/1975,BB,976,46,-99,23,-99,0,3,13,9
7/7/1975,BB,514,116,-99,6,-99,0,4,12,3
8/8/1975,BB,205,5,-99,3,-99,0,0,18,1
8/8/1975,BB,147,12,-99,4,-99,0,0,14,0
8/8/1975,BB,165,16,-99,5,-99,0,0,14,1
8/8/1975,BB,285,53,-99,5,-99,0,0,16,3
9/4/1975,BB,279,7,-99,11,-99,4,2,16,4
9/4/1975,BB,178,14,-99,11,-99,11,0,9,4
9/4/1975,BB,542,65,-99,40,-99,7,0,32,4
9/4/1975,BB,265,20,-99,9,-99,9,0,16,2
10/1/1975,BB,1938,122,-99,18,-99,14,0,11,25
10/1/1975,BB,1105,94,-99,14,-99,5,2,13,23
10/1/1975,BB,1591,65,-99,9,-99,0,0,7,0
10/1/1975,BB,2206,140,-99,18,-99,0,5,9,9
11/4/1975,BB,444,79,-99,0,-99,0,0,13,20
11/4/1975,BB,995,257,-99,20,-99,0,0,16,49
11/4/1975,BB,579,157,-99,0,-99,0,0,43,14
12/2/1975,BB,1319,131,-99,0,-99,0,5,43,11
12/2/1975,BB,1769,83,-99,5,-99,0,2,36,22
12/2/1975,BB,1449,68,-99,5,-99,0,0,18,22
12/2/1975,BB,1292,85,-99,0,-99,0,0,27,13
1/9/1975,DD,922,121,-99,0,226,20,24,8,0
1/9/1975,DD,725,173,-99,2,70,15,17,3,0
1/9/1975,DD,851,109,-99,4,167,13,15,5,0
1/9/1975,DD,1191,163,-99,2,56,14,23,6,0
2/10/1975,DD,1139,158,-99,0,290,14,26,11,0
2/10/1975,DD,1388,54,-99,1,178,6,16,4,0
2/10/1975,DD,1840,70,-99,2,248,8,18,8,1
2/10/1975,DD,1020,83,-99,1,250,3,14,5,0
3/13/1975,DD,1321,175,-99,3,173,28,50,9,0
3/13/1975,DD,983,173,-99,3,169,29,56,7,0
3/13/1975,DD,2028,298,-99,2,386,15,26,9,0
3/13/1975,DD,1233,138,-99,1,152,22,32,3,2
4/8/1975,DD,996,25,-99,2,114,32,20,5,53
4/8/1975,DD,1289,32,-99,2,421,44,20,3,25
4/8/1975,DD,1321,125,-99,3,456,41,34,5,13
4/8/1975,DD,1359,56,-99,1,310,47,28,4,6
5/9/1975,DD,796,43,-99,5,203,9,22,30,16
5/9/1975,DD,984,50,-99,5,179,14,24,18,6
5/9/1975,DD,1076,121,-99,4,322,29,38,11,2
5/9/1975,DD,1215,30,-99,2,281,26,54,7,7
6/5/1975,DD,797,144,-99,8,404,76,346,34,3
6/5/1975,DD,630,95,-99,2,173,86,288,35,2
6/5/1975,DD,676,100,-99,1,755,40,208,1,0
7/7/1975,DD,981,209,-99,2,500,82,107,24,2
7/7/1975,DD,611,223,-99,1,247,68,150,21,0
7/7/1975,DD,488,132,-99,0,208,84,89,5,0
7/7/1975,DD,907,372,-99,4,315,84,60,24,3
8/8/1975,DD,526,698,-99,7,368,41,79,5,4
8/8/1975,DD,749,1057,-99,11,425,32,202,22,1
8/8/1975,DD,553,589,-99,6,177,27,121,13,2
8/8/1975,DD,736,439,-99,14,362,61,207,21,2
9/4/1975,DD,1072,777,-99,2,459,41,110,9,0
9/4/1975,DD,903,272,-99,2,684,45,68,9,0
9/4/1975,DD,1119,281,-99,2,353,56,61,11,0
9/4/1975,DD,932,799,-99,5,306,31,99,5,4
10/1/1975,DD,1155,83,-99,2,290,36,59,13,4
10/1/1975,DD,1006,52,-99,4,320,45,50,2,2
10/1/1975,DD,2044,70,-99,7,139,20,70,5,7
10/1/1975,DD,1402,95,-99,13,470,20,49,4,7
11/4/1975,DD,1566,124,-99,7,556,11,25,5,5
11/4/1975,DD,993,140,-99,5,297,9,38,20,5
11/4/1975,DD,794,346,-99,0,241,34,108,5,0
11/4/1975,DD,1013,185,-99,4,124,11,22,13,2
12/2/1975,DD,1056,216,-99,2,23,11,25,5,2
12/2/1975,DD,1297,450,-99,0,90,18,29,32,0
12/2/1975,DD,936,698,-99,0,167,5,32,5,0
12/2/1975,DD,2019,349,-99,5,281,18,41,20,0
1/2/1976,BB,1377,103,-99,2,-99,0,4,43,22
1/2/1976,BB,966,43,-99,0,-99,0,2,11,34
1/2/1976,BB,1826,86,-99,0,-99,0,4,43,31
1/2/1976,BB,1558,79,-99,4,-99,0,2,38,56
2/3/1976,BB,2706,191,-99,0,-99,0,0,41,25
2/3/1976,BB,3057,36,-99,2,-99,0,2,32,22
2/3/1976,BB,3790,95,-99,2,-99,0,7,40,2
2/3/1976,BB,4632,88,-99,13,-99,0,5,38,47
3/2/1976,BB,6190,126,23,2,-99,0,2,56,20
3/2/1976,BB,6278,99,13,4,-99,0,0,63,5
3/2/1976,BB,5028,133,14,2,-99,0,0,58,5
4/1/1976,BB,3000,130,25,0,-99,0,0,32,2
4/1/1976,BB,3496,54,14,2,-99,0,2,49,5
4/1/1976,BB,3401,86,11,0,-99,0,2,52,5
5/13/1976,BB,2507,41,5,14,-99,0,4,22,45
5/13/1976,BB,2827,61,13,38,-99,0,4,32,47
5/13/1976,BB,3189,59,29,32,-99,0,5,36,99
6/12/1976,BB,4254,36,4,7,-99,0,0,45,22
6/12/1976,BB,3603,40,13,11,-99,0,7,20,22
6/12/1976,BB,2066,59,49,214,-99,5,9,18,32
7/12/1976,BB,2282,43,5,9,-99,0,0,14,7
7/12/1976,BB,1342,38,9,23,-99,4,7,13,11
7/12/1976,BB,1600,61,23,61,-99,4,4,27,52
8/6/1976,BB,840,36,49,45,-99,18,20,83,86
8/6/1976,BB,1249,88,95,90,-99,5,14,56,119
8/6/1976,BB,637,283,128,77,-99,20,22,61,286
9/8/1976,BB,1474,11,29,27,-99,29,9,112,38
9/8/1976,BB,815,61,61,16,-99,23,13,63,11
9/8/1976,BB,655,47,239,50,-99,31,16,68,27
10/7/1976,BB,426,14,34,11,-99,18,13,34,9
10/7/1976,BB,738,29,38,76,-99,22,14,43,11
10/7/1976,BB,790,67,88,49,-99,16,14,31,32
11/9/1976,BB,990,54,160,22,-99,9,5,83,22
11/9/1976,BB,1001,49,88,14,-99,2,2,171,25
11/9/1976,BB,1193,32,101,13,-99,2,2,146,5
12/9/1976,BB,1269,230,293,40,-99,97,40,79,90
12/9/1976,BB,1110,236,140,41,-99,67,43,72,92
12/9/1976,BB,1335,310,223,38,-99,92,41,76,56
1/2/1976,DD,1062,146,-99,0,301,18,32,11,0
1/2/1976,DD,621,31,-99,0,92,11,14,0,0
1/2/1976,DD,1605,218,-99,2,259,18,31,16,2
1/2/1976,DD,898,106,-99,0,212,11,20,14,0
2/3/1976,DD,741,148,-99,0,56,5,31,0,0
2/3/1976,DD,833,94,-99,5,67,4,23,4,0
2/3/1976,DD,833,275,-99,0,23,5,23,7,0
2/3/1976,DD,878,275,-99,0,112,7,67,4,0
3/2/1976,DD,1528,148,-99,2,263,14,40,23,0
3/2/1976,DD,1089,67,-99,0,157,13,23,18,0
3/2/1976,DD,981,124,-99,2,378,13,20,18,0
4/1/1976,DD,1539,124,49,5,171,14,43,77,0
4/1/1976,DD,1467,166,25,0,198,20,20,11,0
4/1/1976,DD,1659,277,23,0,383,16,34,9,5
5/13/1976,DD,236,70,49,14,218,126,61,13,47
5/13/1976,DD,214,54,49,13,243,207,90,16,40
5/13/1976,DD,831,68,11,2,288,58,22,11,20
6/12/1976,DD,331,135,20,13,353,166,92,23,13
6/12/1976,DD,594,223,41,20,531,169,83,20,18
6/12/1976,DD,1368,160,14,4,290,59,25,14,0
7/12/1976,DD,396,99,81,5,320,265,110,31,27
7/12/1976,DD,399,94,25,4,511,223,133,14,14
7/12/1976,DD,831,225,52,4,428,104,81,2,4
8/6/1976,DD,558,266,902,49,529,86,54,38,18
8/6/1976,DD,515,396,279,22,193,65,36,32,11
8/6/1976,DD,518,432,457,34,247,70,77,59,32
9/8/1976,DD,608,74,27,11,216,92,50,95,14
9/8/1976,DD,290,79,29,4,103,52,38,94,5
9/8/1976,DD,525,95,34,31,146,103,43,113,25
10/7/1976,DD,459,140,137,20,86,79,36,32,4
10/7/1976,DD,606,238,124,16,459,220,61,38,7
10/7/1976,DD,689,200,250,40,376,110,90,41,11
11/9/1976,DD,450,29,38,11,315,63,34,43,5
11/9/1976,DD,477,43,38,16,216,65,52,18,5
11/9/1976,DD,498,94,439,5,410,65,34,41,2
12/9/1976,DD,236,68,31,7,18,29,29,14,2
12/9/1976,DD,383,99,59,16,40,68,34,22,4
12/9/1976,DD,428,202,79,18,45,74,63,76,9
1/4/1977,BB,1612,257,342,22,-99,74,49,126,22
1/4/1977,BB,1483,137,579,18,-99,81,63,135,34
1/4/1977,BB,1395,203,525,31,-99,86,83,182,52
2/4/1977,BB,801,16,38,5,-99,56,18,119,2
2/4/1977,BB,1024,61,56,16,-99,56,20,126,2
2/4/1977,BB,1477,65,56,36,-99,99,32,288,5
3/8/1977,BB,1287,225,441,43,-99,29,14,131,23
3/8/1977,BB,1308,178,590,38,-99,16,20,137,20
3/8/1977,BB,1503,268,520,54,-99,18,9,158,22
4/3/1977,BB,1252,104,148,27,-99,23,13,198,9
4/3/1977,BB,1141,110,160,9,-99,32,20,225,5
4/3/1977,BB,1956,133,185,54,-99,27,27,266,23
5/5/1977,BB,1103,236,502,138,-99,134,73,780,42
5/5/1977,BB,1210,242,277,150,-99,83,61,606,18
6/13/1977,BB,1629,392,333,31,-99,76,81,383,18
6/13/1977,BB,1638,133,265,41,-99,52,54,266,0
6/13/1977,BB,1566,337,293,77,-99,68,54,315,7
7/8/1977,BB,1236,200,266,52,-99,54,54,421,16
7/8/1977,BB,1161,126,178,77,-99,72,41,313,9
8/1/1977,BB,822,74,149,61,-99,52,31,380,14
8/1/1977,BB,803,29,160,65,-99,61,32,453,18
8/1/1977,BB,731,13,167,112,-99,72,34,410,13
9/13/1977,BB,452,185,324,99,-99,86,36,229,16
9/13/1977,BB,482,108,274,187,-99,133,36,326,9
9/13/1977,BB,310,182,194,319,-99,88,31,288,29
10/11/1977,BB,497,117,220,36,-99,59,27,196,40
10/11/1977,BB,504,117,167,13,-99,23,14,162,23
10/11/1977,BB,468,34,90,13,-99,50,13,157,16
11/8/1977,BB,812,212,171,77,-99,81,29,319,88
11/8/1977,BB,669,301,200,65,-99,38,4,221,70
11/8/1977,BB,790,167,232,36,-99,65,29,223,70
12/8/1977,BB,1256,65,72,20,-99,65,16,279,85
12/8/1977,BB,1305,140,178,25,-99,63,23,241,106
12/8/1977,BB,1373,83,59,16,-99,34,25,266,70
1/4/1977,DD,428,65,81,2,108,88,61,47,14
1/4/1977,DD,466,50,38,25,112,68,34,58,7
1/4/1977,DD,558,25,38,25,115,106,54,47,90
2/4/1977,DD,261,99,77,23,61,85,72,36,9
2/4/1977,DD,385,65,47,13,279,97,56,61,11
2/4/1977,DD,290,167,61,5,263,157,92,63,4
3/8/1977,DD,342,131,67,22,180,52,45,68,13
3/8/1977,DD,412,239,49,22,166,86,74,99,5
3/8/1977,DD,416,250,54,16,119,94,83,68,9
4/3/1977,DD,741,104,29,11,97,92,23,59,2
4/3/1977,DD,633,83,54,9,79,49,23,83,18
4/3/1977,DD,545,31,45,4,49,72,25,92,5
5/5/1977,DD,574,153,99,16,171,72,47,86,14
5/5/1977,DD,473,103,104,14,77,79,34,77,9
5/5/1977,DD,484,108,90,13,137,95,34,79,11
6/13/1977,DD,376,32,31,0,207,128,218,70,0
6/13/1977,DD,410,29,61,4,448,121,122,104,4
6/13/1977,DD,317,18,22,0,133,83,90,72,0
7/8/1977,DD,624,187,295,13,689,381,113,74,20
7/8/1977,DD,752,153,176,14,516,279,76,85,14
7/8/1977,DD,615,202,252,7,511,221,79,101,14
8/1/1977,DD,781,175,202,11,360,104,47,151,2
8/1/1977,DD,815,250,113,18,270,151,72,112,2
8/1/1977,DD,875,178,189,14,328,65,38,146,25
9/13/1977,DD,689,324,88,4,457,153,77,95,4
9/13/1977,DD,1148,236,155,36,632,173,79,189,2
9/13/1977,DD,592,239,180,5,504,113,76,182,2
10/11/1977,DD,522,263,99,7,326,218,65,155,2
10/11/1977,DD,587,182,113,11,428,130,45,164,7
10/11/1977,DD,590,193,193,18,437,126,50,182,2
11/8/1977,DD,851,324,157,23,597,151,81,131,5
11/8/1977,DD,963,320,194,16,446,79,49,157,7
11/8/1977,DD,1028,313,381,18,569,95,40,184,5
12/8/1977,DD,324,40,5,4,286,32,20,27,0
12/8/1977,DD,301,49,20,9,284,74,40,61,2
12/8/1977,DD,256,34,36,11,263,56,38,72,5
1/12/1978,BB,1180,182,153,25,-99,56,27,247,128
1/12/1978,BB,930,104,95,5,-99,43,25,203,61
1/12/1978,BB,1078,128,193,43,-99,61,40,266,81
2/5/1978,BB,1096,22,122,13,-99,27,31,193,0
2/5/1978,BB,855,49,153,11,-99,74,27,214,11
2/5/1978,BB,1153,56,148,11,-99,70,16,212,20
3/7/1978,BB,1161,72,288,4,-99,45,16,106,11
3/7/1978,BB,1062,101,245,9,-99,40,32,146,7
3/7/1978,BB,1310,106,351,14,-99,61,27,144,32
4/6/1978,BB,1641,97,175,13,-99,54,16,122,13
4/6/1978,BB,1834,164,315,4,-99,52,27,115,14
4/6/1978,BB,1690,263,410,2,-99,47,20,142,7
5/5/1978,BB,1191,155,103,5,-99,38,14,139,4
5/5/1978,BB,972,257,122,11,-99,40,22,121,7
5/5/1978,BB,903,639,241,32,-99,29,22,117,0
6/5/1978,BB,558,112,117,7,-99,22,5,70,9
6/5/1978,BB,450,92,135,47,-99,18,11,77,14
6/5/1978,BB,543,160,189,18,-99,18,16,58,18
7/3/1978,BB,401,164,122,20,-99,59,23,126,27
7/3/1978,BB,275,155,126,13,-99,31,11,130,13
7/3/1978,BB,297,110,133,5,-99,56,18,130,31
8/3/1978,BB,538,4,34,4,-99,36,14,85,4
8/3/1978,BB,493,45,58,5,-99,41,18,113,4
8/3/1978,BB,543,25,54,4,-99,25,13,115,18
9/12/1978,BB,221,140,97,9,-99,36,13,52,16
9/12/1978,BB,247,108,180,11,-99,40,11,67,18
9/12/1978,BB,191,112,117,4,-99,25,11,50,20
10/3/1978,BB,542,36,54,4,-99,36,13,52,13
10/3/1978,BB,759,50,115,9,-99,81,50,112,14
10/3/1978,BB,531,40,76,5,-99,61,25,112,20
11/5/1978,BB,419,31,79,27,-99,83,34,121,27
11/5/1978,BB,381,65,76,31,-99,68,47,122,58
11/5/1978,BB,578,61,63,32,-99,72,59,144,103
12/13/1978,BB,500,40,16,7,-99,43,41,54,43
12/13/1978,BB,551,38,16,4,-99,40,54,70,79
12/13/1978,BB,543,41,31,13,-99,40,38,32,52
1/12/1978,DD,534,56,22,0,288,76,31,133,4
1/12/1978,DD,315,61,13,0,180,49,23,72,2
1/12/1978,DD,320,47,14,2,155,50,14,72,0
2/5/1978,DD,245,74,65,2,112,52,29,59,2
2/5/1978,DD,85,18,31,0,54,18,16,59,0
2/5/1978,DD,241,45,68,2,151,149,54,113,11
3/7/1978,DD,543,144,162,4,416,205,88,144,0
3/7/1978,DD,448,142,99,4,362,121,67,139,4
3/7/1978,DD,475,128,61,4,347,133,49,70,0
4/6/1978,DD,480,14,67,2,283,68,45,79,4
4/6/1978,DD,896,356,353,2,632,169,103,97,23
4/6/1978,DD,461,144,128,0,320,99,45,77,7
5/5/1978,DD,378,121,29,2,79,31,34,58,4
5/5/1978,DD,396,81,43,0,139,34,27,49,7
5/5/1978,DD,308,148,32,2,117,34,20,50,5
6/5/1978,DD,403,74,18,2,198,72,67,94,7
6/5/1978,DD,110,31,4,2,61,20,29,58,0
6/5/1978,DD,337,85,14,5,149,67,20,86,9
7/3/1978,DD,896,70,45,14,331,99,58,221,22
7/3/1978,DD,549,68,29,5,110,25,16,97,13
7/3/1978,DD,516,63,45,4,171,23,49,86,7
8/3/1978,DD,232,178,76,4,232,52,23,90,9
8/3/1978,DD,241,119,90,4,214,58,40,77,13
8/3/1978,DD,261,99,49,2,232,34,25,47,5
9/12/1978,DD,524,81,68,0,184,68,27,68,0
9/12/1978,DD,353,43,38,0,194,49,20,72,7
9/12/1978,DD,374,43,65,0,203,58,23,85,0
10/3/1978,DD,590,113,155,4,482,218,133,146,20
10/3/1978,DD,552,47,61,7,308,85,31,117,13
10/3/1978,DD,504,54,76,14,182,128,47,85,14
11/5/1978,DD,439,18,41,2,203,70,41,86,2
11/5/1978,DD,578,52,32,2,274,77,34,74,2
11/5/1978,DD,434,27,41,2,234,47,32,56,13
12/13/1978,DD,459,63,182,0,185,32,36,58,9
12/13/1978,DD,470,67,144,4,198,38,43,70,2
12/13/1978,DD,500,106,63,2,158,23,18,41,4
1/11/1979,BB,1080,27,47,2,-99,43,36,95,36
1/11/1979,BB,950,36,52,4,-99,56,34,59,38
1/11/1979,BB,950,63,70,13,-99,67,34,79,41
2/12/1979,BB,819,14,38,4,-99,36,52,77,22
2/12/1979,BB,1024,9,29,5,-99,63,77,122,18
2/12/1979,BB,2402,18,97,11,-99,90,103,171,16
3/13/1979,BB,1521,4,13,5,-99,68,29,72,4
3/13/1979,BB,1659,16,29,4,-99,74,52,128,4
3/13/1979,BB,1434,40,43,4,-99,67,40,83,5
4/10/1979,BB,1449,74,79,11,-99,83,20,67,5
4/10/1979,BB,999,146,162,31,-99,104,34,95,9
4/10/1979,BB,1204,119,112,23,-99,68,23,108,5
5/7/1979,BB,1351,112,205,20,-99,81,59,85,5
5/7/1979,BB,1040,97,191,31,-99,50,49,81,5
5/7/1979,BB,1474,95,126,34,-99,47,49,70,4
6/5/1979,BB,707,81,85,142,-99,56,36,52,27
6/5/1979,BB,578,63,83,61,-99,76,40,77,47
6/5/1979,BB,455,79,90,54,-99,79,41,77,27
7/6/1979,BB,731,115,58,22,-99,49,36,76,11
7/6/1979,BB,804,76,56,29,-99,58,32,85,14
7/6/1979,BB,777,36,63,41,-99,59,54,92,29
8/6/1979,BB,565,146,157,36,-99,106,54,115,63
8/6/1979,BB,493,115,117,31,-99,77,72,101,40
8/6/1979,BB,497,115,108,23,-99,88,65,106,40
9/6/1979,BB,558,234,122,9,-99,104,32,92,27
9/6/1979,BB,545,151,106,13,-99,81,50,92,38
9/6/1979,BB,441,29,74,7,-99,70,49,74,27
10/4/1979,BB,597,74,45,31,-99,43,40,63,20
10/4/1979,BB,513,67,38,34,-99,45,40,50,14
10/4/1979,BB,225,63,76,18,-99,38,23,50,7
11/6/1979,BB,549,59,47,2,-99,50,29,45,23
11/6/1979,BB,657,77,88,2,-99,74,50,90,16
11/6/1979,BB,556,72,43,2,-99,41,22,63,11
12/4/1979,BB,1024,153,97,11,-99,86,34,205,31
12/4/1979,BB,954,160,113,7,-99,65,23,86,29
12/4/1979,BB,921,162,148,7,-99,72,34,178,22
1/11/1979,DD,349,101,101,4,112,18,22,61,0
1/11/1979,DD,346,126,157,4,155,38,41,47,5
1/11/1979,DD,322,90,90,2,131,40,23,50,2
2/12/1979,DD,277,13,32,2,50,27,22,67,4
2/12/1979,DD,270,11,7,0,104,25,29,52,11
2/12/1979,DD,207,9,13,5,59,25,31,68,5
3/13/1979,DD,365,22,7,0,121,25,23,86,0
3/13/1979,DD,374,29,9,5,115,23,16,86,7
3/13/1979,DD,344,38,5,2,124,18,25,77,0
4/10/1979,DD,563,47,11,0,157,38,31,61,9
4/10/1979,DD,621,90,34,2,205,67,45,47,2
4/10/1979,DD,572,99,40,4,214,41,27,76,2
5/7/1979,DD,1197,113,86,14,626,144,137,191,11
5/7/1979,DD,765,23,40,5,225,70,110,176,5
5/7/1979,DD,929,38,29,4,230,112,122,162,5
6/5/1979,DD,398,14,34,9,115,59,61,164,18
6/5/1979,DD,374,18,27,0,232,58,76,216,22
6/5/1979,DD,317,16,18,2,130,36,23,169,11
7/6/1979,DD,722,67,63,4,401,59,124,117,11
7/6/1979,DD,794,16,18,9,310,25,38,110,4
7/6/1979,DD,659,29,31,4,205,32,43,81,5
8/6/1979,DD,612,58,76,4,203,97,101,113,13
8/6/1979,DD,426,63,79,2,275,77,101,97,5
8/6/1979,DD,527,85,32,2,263,49,70,92,2
9/6/1979,DD,596,214,72,2,446,101,81,139,4
9/6/1979,DD,817,173,94,9,651,130,104,108,7
9/6/1979,DD,797,144,85,9,628,133,97,119,9
10/4/1979,DD,488,38,25,2,256,50,36,61,5
10/4/1979,DD,644,59,58,11,351,38,59,108,2
10/4/1979,DD,561,36,32,11,399,45,56,47,2
11/6/1979,DD,504,20,32,4,216,43,59,124,5
11/6/1979,DD,466,34,16,2,144,27,29,50,7
11/6/1979,DD,545,38,36,0,135,38,20,76,2
12/4/1979,DD,545,13,14,4,329,49,31,31,9
12/4/1979,DD,462,27,9,2,311,20,40,45,5
12/4/1979,DD,506,47,22,7,403,31,54,68,5
1/3/1980,BB,709,135,54,9,-99,90,63,122,32
1/3/1980,BB,660,41,22,4,-99,50,29,212,13
1/3/1980,BB,529,92,34,0,-99,49,40,110,16
2/14/1980,BB,794,20,31,7,-99,45,29,133,4
2/14/1980,BB,936,43,16,7,-99,18,25,130,4
2/14/1980,BB,837,14,5,2,-99,25,32,92,4
3/4/1980,BB,929,29,22,2,-99,81,65,166,0
3/4/1980,BB,900,27,40,2,-99,40,45,149,0
3/4/1980,BB,1065,63,59,4,-99,49,61,122,0
4/15/1980,BB,1001,340,247,4,-99,50,49,68,13
4/15/1980,BB,927,295,266,7,-99,45,50,38,16
4/15/1980,BB,1011,259,232,13,-99,61,58,92,11
5/13/1980,BB,534,439,290,7,-99,34,32,36,29
5/13/1980,BB,558,432,173,4,-99,40,31,34,41
5/13/1980,BB,578,342,256,4,-99,34,40,41,27
6/9/1980,BB,623,92,45,2,-99,16,16,79,7
6/9/1980,BB,198,16,11,2,-99,14,23,32,9
6/9/1980,BB,328,77,27,27,-99,27,29,63,9
7/5/1980,BB,414,155,99,41,-99,59,36,38,32
7/5/1980,BB,268,164,94,31,-99,45,27,41,18
7/5/1980,BB,344,169,113,18,-99,49,41,58,32
8/7/1980,BB,270,92,67,45,-99,41,27,47,36
8/7/1980,BB,259,43,52,31,-99,36,25,50,38
8/7/1980,BB,239,76,70,49,-99,23,13,27,22
9/5/1980,BB,270,25,7,13,-99,31,27,27,5
9/5/1980,BB,250,67,22,22,-99,29,29,27,13
9/5/1980,BB,259,22,23,7,-99,29,23,25,20
10/7/1980,BB,302,157,198,25,-99,67,52,77,74
10/7/1980,BB,229,167,252,76,-99,99,36,52,43
10/7/1980,BB,306,77,90,45,-99,77,56,50,79
11/8/1980,BB,340,221,135,11,-99,31,22,77,50
11/8/1980,BB,283,214,81,5,-99,14,22,76,34
11/8/1980,BB,308,202,101,13,-99,20,38,68,65
12/8/1980,BB,527,40,13,5,-99,27,47,88,95
12/8/1980,BB,324,113,16,9,-99,22,29,131,155
12/8/1980,BB,416,104,13,11,-99,16,52,85,90
1/3/1980,DD,387,20,2,2,74,29,22,27,9
1/3/1980,DD,216,11,4,0,63,11,18,13,5
1/3/1980,DD,220,7,5,2,45,25,22,29,9
2/14/1980,DD,500,22,16,2,70,20,27,7,0
2/14/1980,DD,452,20,9,0,92,13,11,5,0
2/14/1980,DD,347,23,22,2,121,16,9,9,0
3/4/1980,DD,392,18,13,0,76,22,22,13,7
3/4/1980,DD,229,11,9,2,61,11,14,27,5
3/4/1980,DD,227,9,23,2,119,18,32,22,5
4/15/1980,DD,597,99,70,4,315,32,38,22,7
4/15/1980,DD,619,117,43,4,372,27,36,23,11
4/15/1980,DD,536,86,61,4,259,23,29,25,9
5/13/1980,DD,256,36,34,0,313,41,38,32,47
5/13/1980,DD,292,54,34,2,166,61,29,32,22
5/13/1980,DD,383,43,45,0,263,49,29,20,20
6/9/1980,DD,493,31,63,4,130,22,36,13,20
6/9/1980,DD,570,45,14,0,241,23,22,47,13
6/9/1980,DD,745,41,14,0,175,5,20,47,11
7/5/1980,DD,500,81,77,0,337,65,63,23,2
7/5/1980,DD,516,88,94,0,457,72,61,29,7
7/5/1980,DD,551,45,58,0,275,43,31,25,4
8/7/1980,DD,677,121,130,5,423,49,65,58,23
8/7/1980,DD,614,94,76,13,351,31,63,41,25
8/7/1980,DD,648,74,103,9,401,29,67,41,36
9/5/1980,DD,561,36,18,2,354,56,58,70,5
9/5/1980,DD,576,63,27,2,326,36,32,52,2
9/5/1980,DD,632,47,7,4,337,47,36,34,4
10/7/1980,DD,527,54,81,23,497,101,112,68,5
10/7/1980,DD,365,27,29,0,331,34,18,32,4
10/7/1980,DD,542,9,22,5,705,54,58,63,7
11/8/1980,DD,587,47,40,2,184,29,38,27,49
11/8/1980,DD,718,130,45,0,376,20,27,27,41
11/8/1980,DD,563,74,45,4,250,13,25,27,47
12/8/1980,DD,184,7,20,4,63,22,67,16,11
12/8/1980,DD,266,23,7,4,108,18,25,18,11
12/8/1980,DD,223,5,7,0,31,5,14,11,77
1/6/1981,BB,678,43,40,4,-99,45,52,61,85
1/6/1981,BB,567,65,22,0,-99,16,56,94,207
1/21/1981,BB,434,27,59,2,-99,34,40,130,65
1/21/1981,BB,592,81,86,5,-99,50,41,194,56
2/4/1981,BB,491,45,25,11,-99,22,92,32,34
2/4/1981,BB,1103,65,58,9,-99,43,88,47,38
2/17/1981,BB,947,36,58,5,-99,41,40,122,68
2/17/1981,BB,704,38,40,2,-99,31,41,112,47
3/4/1981,BB,1492,22,58,5,-99,49,50,167,25
3/4/1981,BB,1287,25,72,0,-99,36,43,113,29
3/19/1981,BB,581,18,25,2,-99,34,29,90,18
3/19/1981,BB,819,52,54,5,-99,27,29,83,5
4/1/1981,BB,790,13,38,4,-99,40,36,122,36
4/1/1981,BB,677,14,13,0,-99,43,49,85,22
4/17/1981,BB,383,5,7,4,-99,11,7,7,0
4/17/1981,BB,317,5,7,2,-99,18,9,16,0
5/3/1981,BB,655,67,70,7,-99,23,16,43,5
5/3/1981,BB,570,79,41,9,-99,20,23,40,11
5/15/1981,BB,444,27,0,0,-99,0,43,9,0
5/15/1981,BB,671,45,23,4,-99,0,106,22,0
6/1/1981,BB,480,29,14,22,-99,40,16,18,13
6/1/1981,BB,477,7,11,0,-99,29,18,34,11
6/15/1981,BB,200,36,58,0,-99,54,56,23,0
6/15/1981,BB,202,52,38,0,-99,27,31,27,0
7/1/1981,BB,99,23,5,4,-99,11,4,16,25
7/1/1981,BB,299,142,70,68,-99,34,16,65,151
7/15/1981,BB,511,117,218,50,-99,88,50,88,72
7/15/1981,BB,471,74,104,43,-99,52,34,79,101
7/29/1981,BB,284,137,151,9,-99,58,36,31,59
7/29/1981,BB,380,139,133,11,-99,45,31,61,58
8/12/1981,BB,245,167,79,58,-99,34,20,34,54
8/12/1981,BB,338,166,113,9,-99,20,11,40,56
8/26/1981,BB,351,76,67,14,-99,41,13,63,32
8/26/1981,BB,295,40,63,31,-99,25,32,41,23
9/10/1981,BB,191,85,50,61,-99,16,7,16,25
9/10/1981,BB,220,63,74,41,-99,14,7,27,31
9/26/1981,BB,466,36,29,34,-99,32,29,45,72
9/26/1981,BB,277,70,63,16,-99,27,14,49,47
10/8/1981,BB,252,4,4,5,-99,22,16,29,22
10/8/1981,BB,344,22,25,9,-99,29,34,49,23
10/23/1981,BB,392,133,106,47,-99,27,20,63,63
10/23/1981,BB,428,158,117,29,-99,34,16,43,58
11/14/1981,BB,533,68,40,5,-99,13,22,72,11
11/14/1981,BB,356,32,23,22,-99,13,16,58,27
11/25/1981,BB,635,92,119,23,-99,67,52,117,68
11/25/1981,BB,477,97,112,36,-99,34,32,81,38
12/8/1981,BB,597,203,83,9,-99,50,38,70,54
12/8/1981,BB,356,101,40,18,-99,31,25,32,49
12/21/1981,BB,957,56,169,7,-99,50,45,101,43
12/21/1981,BB,716,50,106,7,-99,34,23,65,58
1/6/1981,DD,374,25,27,5,247,31,41,43,18
1/6/1981,DD,301,16,16,2,166,16,27,22,13
1/21/1981,DD,756,36,38,4,401,72,59,45,13
1/21/1981,DD,576,108,50,2,277,49,59,22,7
2/4/1981,DD,711,23,40,5,714,79,101,63,5
2/4/1981,DD,630,22,23,5,491,70,70,41,11
2/17/1981,DD,259,18,27,0,131,49,47,32,18
2/17/1981,DD,301,9,31,2,209,72,49,36,14
3/4/1981,DD,335,22,68,0,275,47,52,83,7
3/4/1981,DD,434,20,68,2,304,25,23,104,5
3/19/1981,DD,504,7,27,2,171,63,27,36,0
3/19/1981,DD,560,23,9,2,340,68,41,27,0
4/1/1981,DD,408,2,11,0,131,20,23,27,18
4/1/1981,DD,576,9,20,5,124,41,27,45,9
4/17/1981,DD,353,0,5,0,56,14,16,27,0
4/17/1981,DD,432,4,11,4,209,41,41,34,0
5/3/1981,DD,592,25,32,0,151,45,22,27,4
5/3/1981,DD,729,36,49,4,346,61,47,45,5
5/15/1981,DD,961,13,29,2,301,59,41,31,5
5/15/1981,DD,702,4,13,5,164,40,22,36,4
6/1/1981,DD,556,7,4,2,310,54,22,29,13
6/1/1981,DD,522,11,2,2,239,36,23,50,4
6/15/1981,DD,475,34,70,13,274,59,56,36,23
6/15/1981,DD,507,9,68,0,205,59,47,41,41
7/1/1981,DD,452,11,27,4,207,32,16,32,18
7/1/1981,DD,601,14,45,16,338,31,36,49,31
7/15/1981,DD,734,31,113,4,380,99,54,81,29
7/15/1981,DD,797,47,77,5,527,119,56,79,20
7/29/1981,DD,500,126,155,0,435,36,40,7,5
7/29/1981,DD,407,41,117,2,434,40,29,11,9
8/12/1981,DD,459,34,79,0,284,90,31,40,5
8/12/1981,DD,477,27,58,0,286,81,23,31,2
8/26/1981,DD,572,11,77,4,617,50,43,56,14
8/26/1981,DD,480,2,23,0,531,72,32,70,31
9/10/1981,DD,344,2,22,5,220,14,23,56,27
9/10/1981,DD,349,11,45,4,268,23,31,36,9
9/26/1981,DD,453,22,70,0,450,49,18,56,7
9/26/1981,DD,279,4,18,0,344,43,4,20,2
10/8/1981,DD,520,34,47,0,547,58,31,52,18
10/8/1981,DD,369,18,65,2,283,23,14,115,25
10/23/1981,DD,320,63,79,7,335,13,9,54,9
10/23/1981,DD,403,79,200,5,369,65,25,34,11
11/14/1981,DD,480,92,63,0,518,32,18,36,0
11/14/1981,DD,426,38,54,0,238,27,4,11,2
11/25/1981,DD,497,7,103,4,543,110,31,45,18
11/25/1981,DD,441,59,58,5,432,67,18,22,4
12/8/1981,DD,630,40,140,7,806,95,36,41,4
12/8/1981,DD,660,103,85,4,662,50,54,61,7
12/21/1981,DD,301,27,50,2,387,36,23,18,4
12/21/1981,DD,322,41,47,0,425,20,32,14,2
1/7/1982,BB,623,40,58,0,-99,40,54,77,14
1/7/1982,BB,180,0,9,5,-99,13,5,7,4
1/22/1982,BB,1283,23,65,13,-99,27,56,115,20
1/22/1982,BB,1116,32,38,5,-99,29,27,74,4
2/8/1982,BB,576,14,43,7,-99,38,32,47,18
2/8/1982,BB,768,27,16,2,-99,23,25,43,18
2/19/1982,BB,738,5,13,4,-99,31,18,36,7
2/19/1982,BB,680,0,14,4,-99,16,5,36,14
3/8/1982,BB,905,31,49,7,-99,54,32,45,5
3/8/1982,BB,1062,18,32,9,-99,40,36,45,13
3/23/1982,BB,842,76,76,9,-99,16,22,41,7
3/23/1982,BB,702,50,95,9,-99,18,18,38,11
4/7/1982,BB,689,72,65,23,-99,11,18,58,11
4/7/1982,BB,981,52,85,2,-99,34,34,74,9
4/20/1982,BB,966,149,175,32,-99,72,40,47,14
4/20/1982,BB,1269,85,149,41,-99,58,32,58,7
5/4/1982,BB,936,54,112,11,-99,133,65,52,16
5/4/1982,BB,894,59,59,23,-99,38,16,36,7
5/19/1982,BB,664,275,117,79,-99,61,40,74,18
5/19/1982,BB,768,166,117,112,-99,79,52,50,13
6/2/1982,BB,788,140,238,31,-99,29,18,45,81
6/2/1982,BB,592,194,137,25,-99,45,13,23,40
6/17/1982,BB,1436,137,162,32,-99,83,43,108,67
6/17/1982,BB,1008,108,119,11,-99,97,34,70,34
7/2/1982,BB,855,72,103,16,-99,56,18,38,160
7/2/1982,BB,1204,83,133,49,-99,59,25,92,99
7/19/1982,BB,779,176,194,70,-99,47,31,61,72
7/19/1982,BB,684,11,70,16,-99,54,23,90,16
8/2/1982,BB,666,90,223,13,-99,52,23,79,268
8/2/1982,BB,704,79,135,38,-99,49,14,43,162
8/16/1982,BB,534,76,72,9,-99,45,22,54,112
8/16/1982,BB,653,99,110,14,-99,22,18,41,142
9/1/1982,BB,732,130,121,9,-99,77,36,65,97
9/1/1982,BB,673,112,139,45,-99,88,81,61,104
9/14/1982,BB,621,92,146,4,-99,47,34,23,52
9/14/1982,BB,729,83,144,54,-99,52,32,29,50
10/1/1982,BB,700,43,99,0,-99,34,27,31,22
10/1/1982,BB,596,94,187,2,-99,59,25,65,29
10/14/1982,BB,878,768,583,146,-99,74,36,67,61
10/14/1982,BB,936,211,412,59,-99,72,27,70,52
10/29/1982,BB,918,110,259,25,-99,61,32,86,50
10/29/1982,BB,779,108,331,27,-99,47,27,408,104
11/14/1982,BB,428,160,149,18,-99,40,31,59,31
11/14/1982,BB,885,122,176,7,-99,18,25,74,45
11/29/1982,BB,797,184,104,18,-99,41,38,36,22
11/29/1982,BB,754,245,144,13,-99,29,22,67,61
12/15/1982,BB,533,38,61,11,-99,41,34,61,14
12/15/1982,BB,794,59,61,4,-99,50,27,72,32
12/31/1982,BB,776,16,40,2,-99,41,25,110,45
12/31/1982,BB,1368,47,139,11,-99,76,63,133,162
1/7/1982,DD,320,18,14,4,270,38,31,7,2
1/7/1982,DD,261,13,50,4,176,25,9,9,4
1/22/1982,DD,333,25,18,2,216,20,25,20,5
1/22/1982,DD,513,23,31,7,378,40,58,23,2
2/8/1982,DD,425,16,49,5,513,47,32,29,4
2/8/1982,DD,293,7,29,2,320,41,22,29,11
2/19/1982,DD,466,34,31,2,421,38,36,27,7
2/19/1982,DD,353,11,16,0,229,16,22,23,20
3/8/1982,DD,671,29,18,2,657,40,41,47,11
3/8/1982,DD,473,27,7,0,497,59,23,29,11
3/23/1982,DD,831,41,88,0,720,139,83,67,13
3/23/1982,DD,714,68,92,7,608,148,68,47,11
4/7/1982,DD,578,23,32,4,507,101,50,29,23
4/7/1982,DD,628,34,31,14,151,29,32,32,20
4/20/1982,DD,831,14,25,7,365,95,32,38,20
4/20/1982,DD,947,135,79,16,452,115,52,29,16
5/4/1982,DD,716,14,61,7,646,151,31,34,20
5/4/1982,DD,729,4,36,4,806,108,27,25,9
5/19/1982,DD,902,47,63,7,509,58,29,20,18
5/19/1982,DD,1290,67,74,4,417,56,40,34,9
6/2/1982,DD,920,27,135,5,335,229,38,83,56
6/2/1982,DD,777,9,32,2,416,122,36,106,16
6/17/1982,DD,979,11,50,7,473,133,47,40,13
6/17/1982,DD,891,9,52,4,428,128,47,47,16
7/2/1982,DD,1045,14,36,2,678,144,63,59,29
7/2/1982,DD,891,20,47,2,385,117,43,40,20
7/19/1982,DD,612,25,41,4,259,83,11,23,2
7/19/1982,DD,381,18,65,4,194,83,14,11,11
8/2/1982,DD,738,72,131,5,601,106,38,47,9
8/2/1982,DD,1092,112,85,5,468,92,32,47,7
8/16/1982,DD,759,95,207,5,723,68,38,47,11
8/16/1982,DD,824,130,252,0,450,47,23,40,13
9/1/1982,DD,1024,23,34,0,416,77,52,43,43
9/1/1982,DD,758,16,31,0,293,47,29,41,20
9/14/1982,DD,570,50,61,0,432,252,85,40,16
9/14/1982,DD,673,86,113,4,572,223,59,29,7
10/1/1982,DD,918,4,56,4,346,97,86,50,32
10/1/1982,DD,507,0,14,2,238,65,63,29,23
10/14/1982,DD,723,2,58,5,263,31,23,27,20
10/14/1982,DD,443,9,27,2,167,38,25,16,18
10/29/1982,DD,1652,34,113,9,1416,92,92,63,22
10/29/1982,DD,1083,31,86,11,947,103,86,45,14
11/14/1982,DD,479,11,11,4,254,58,29,29,25
11/14/1982,DD,579,77,209,0,288,50,43,23,16
11/29/1982,DD,333,22,50,9,135,34,29,25,36
11/29/1982,DD,380,214,36,0,212,18,13,11,11
12/15/1982,DD,470,18,9,4,365,38,27,14,18
12/15/1982,DD,497,31,7,2,340,22,25,13,18
12/31/1982,DD,574,13,31,7,248,27,22,18,97
12/31/1982,DD,705,11,27,0,229,34,13,22,22
1/13/1983,BB,1225,11,56,11,-99,45,34,65,88
1/13/1983,BB,1053,22,128,2,-99,59,32,77,47
1/26/1983,BB,779,13,36,11,-99,25,18,90,54
1/26/1983,BB,779,13,36,11,-99,25,18,90,54
2/10/1983,BB,561,11,43,4,-99,14,22,54,38
2/10/1983,BB,284,9,9,0,-99,16,5,22,5
2/25/1983,BB,1083,40,52,9,-99,22,27,81,16
2/25/1983,BB,963,72,59,5,-99,34,32,88,18
3/10/1983,BB,572,11,20,2,-99,18,13,45,4
3/10/1983,BB,768,4,25,5,-99,23,9,59,5
3/28/1983,BB,880,16,18,2,-99,22,9,52,2
3/28/1983,BB,965,20,29,2,-99,11,14,41,7
4/12/1983,BB,1391,133,153,13,-99,22,25,25,14
4/12/1983,BB,1539,142,157,9,-99,34,22,36,18
4/25/1983,BB,1594,32,85,4,-99,32,31,54,7
4/25/1983,BB,1292,101,149,9,-99,32,11,59,23
5/10/1983,BB,590,153,76,34,-99,22,9,49,7
5/10/1983,BB,954,83,88,14,-99,22,5,29,11
5/24/1983,BB,1249,41,43,27,-99,31,11,25,5
5/24/1983,BB,1623,52,67,14,-99,40,11,41,7
6/13/1983,BB,1402,405,394,113,-99,59,4,70,34
6/13/1983,BB,1648,354,417,54,-99,54,11,45,22
6/23/1983,BB,981,349,405,88,-99,40,9,40,22
6/23/1983,BB,1193,504,623,16,-99,61,14,23,18
7/7/1983,BB,808,238,124,263,-99,79,22,49,59
7/7/1983,BB,936,149,112,173,-99,65,13,58,52
7/21/1983,BB,722,77,122,212,-99,94,29,40,49
7/21/1983,BB,713,166,83,108,-99,68,16,40,34
8/4/1983,BB,524,49,47,20,-99,36,5,36,32
8/4/1983,BB,707,50,70,38,-99,49,16,38,45
8/18/1983,BB,1110,164,144,18,-99,40,14,32,29
8/18/1983,BB,1035,99,124,56,-99,34,14,20,32
9/6/1983,BB,383,68,94,223,-99,31,11,52,79
9/6/1983,BB,319,70,65,50,-99,34,20,23,41
9/19/1983,BB,1047,61,94,54,-99,38,23,27,34
9/19/1983,BB,759,83,76,68,-99,32,20,23,36
9/19/1983,BB,1047,61,94,54,-99,38,23,27,34
9/19/1983,BB,759,83,76,68,-99,32,20,23,36
10/4/1983,BB,986,184,301,25,-99,32,27,59,70
10/4/1983,BB,525,187,169,29,-99,32,23,68,86
10/19/1983,BB,513,227,362,58,-99,50,34,47,27
10/19/1983,BB,893,166,216,23,-99,29,13,54,45
11/3/1983,BB,362,498,196,14,-99,29,9,56,67
11/3/1983,BB,263,671,254,70,-99,27,20,85,92
11/18/1983,BB,831,243,77,27,-99,27,11,52,40
11/18/1983,BB,842,221,76,29,-99,29,23,77,56
12/2/1983,BB,743,63,79,7,-99,50,29,77,54
12/2/1983,BB,1344,97,43,9,-99,41,31,58,58
12/19/1983,BB,772,103,56,9,-99,59,38,65,63
12/19/1983,BB,869,50,97,0,-99,23,31,52,58
1/13/1983,DD,651,67,68,5,552,47,29,7,40
1/13/1983,DD,756,23,146,2,669,52,22,13,22
1/26/1983,DD,529,81,40,5,347,29,14,9,0
1/26/1983,DD,569,36,182,2,534,47,23,27,0
2/10/1983,DD,657,61,79,4,83,88,16,14,22
2/10/1983,DD,698,38,101,0,540,115,32,11,18
2/25/1983,DD,689,11,112,2,121,61,13,22,16
2/25/1983,DD,473,11,27,2,131,20,5,27,4
3/10/1983,DD,430,5,16,0,162,22,14,13,5
3/10/1983,DD,758,11,31,0,462,29,11,41,0
3/28/1983,DD,833,5,31,0,471,85,27,31,2
3/28/1983,DD,882,7,23,4,299,63,31,27,18
4/12/1983,DD,727,7,45,4,457,72,20,13,4
4/12/1983,DD,668,11,9,4,252,43,9,7,14
4/25/1983,DD,770,29,40,0,261,52,22,14,2
4/25/1983,DD,752,25,36,0,495,76,49,20,16
5/10/1983,DD,468,7,34,4,259,86,45,29,7
5/10/1983,DD,1116,14,65,2,770,40,36,45,22
5/24/1983,DD,860,11,32,4,347,101,34,25,25
5/24/1983,DD,651,5,29,4,157,45,18,22,5
6/13/1983,DD,952,13,54,5,590,207,95,67,0
6/13/1983,DD,785,22,72,2,376,146,52,29,5
6/23/1983,DD,646,5,31,0,191,76,29,27,16
6/23/1983,DD,511,2,18,4,106,67,16,36,4
7/7/1983,DD,783,31,41,0,259,101,27,27,0
7/7/1983,DD,549,16,54,2,299,155,38,54,5
7/21/1983,DD,799,14,101,11,306,185,32,32,27
7/21/1983,DD,896,40,164,4,381,142,32,31,16
8/4/1983,DD,815,65,108,4,257,61,36,29,20
8/4/1983,DD,1067,16,32,2,335,86,36,61,25
8/18/1983,DD,869,16,157,9,194,106,32,47,7
8/18/1983,DD,651,11,113,7,86,49,16,32,18
9/6/1983,DD,750,13,65,4,421,157,56,45,0
9/6/1983,DD,714,36,34,7,419,113,40,49,0
9/19/1983,DD,1053,36,50,14,270,108,47,43,16
9/19/1983,DD,705,7,43,4,225,99,31,47,7
10/4/1983,DD,403,13,32,0,146,34,34,16,5
10/4/1983,DD,387,36,13,2,196,52,27,45,13
10/19/1983,DD,1152,13,14,9,619,106,59,59,13
10/19/1983,DD,844,5,25,2,446,108,49,43,14
11/3/1983,DD,840,13,43,4,475,70,34,31,7
11/3/1983,DD,722,36,56,2,340,61,38,27,7
11/18/1983,DD,785,25,47,5,216,40,20,25,5
11/18/1983,DD,783,41,18,0,175,11,20,20,13
12/2/1983,DD,1204,59,67,4,675,135,94,36,11
12/2/1983,DD,1107,63,38,2,346,59,50,29,5
12/19/1983,DD,675,11,14,2,349,67,40,14,5
12/19/1983,DD,963,16,27,5,308,74,59,18,9
1/16/1984,BB,1209,41,126,20,-99,49,31,61,29
1/16/1984,BB,1296,20,108,18,-99,38,31,45,18
1/30/1984,BB,1278,43,122,5,-99,45,90,103,49
2/14/1984,BB,887,13,34,0,-99,14,50,72,5
2/14/1984,BB,1236,45,130,110,-99,29,72,95,7
2/29/1984,BB,187,0,18,2,-99,4,18,31,5
3/15/1984,BB,1729,45,92,11,-99,74,47,115,9
3/15/1984,BB,2100,65,128,16,-99,43,58,126,7
4/17/1984,BB,1099,70,67,36,-99,14,20,90,0
4/17/1984,BB,878,86,56,61,-99,23,40,88,2
4/30/1984,BB,1191,54,83,9,-99,40,72,52,4
4/30/1984,BB,983,23,65,13,-99,41,101,38,5
5/11/1984,BB,1191,126,126,164,-99,38,70,76,4
5/11/1984,BB,812,76,81,191,-99,20,40,52,11
5/25/1984,BB,414,0,18,4,-99,7,22,23,4
6/11/1984,BB,1137,155,104,234,-99,34,34,54,11
6/11/1984,BB,1243,146,61,130,-99,40,56,76,27
6/26/1984,BB,896,38,32,139,-99,4,7,45,38
6/26/1984,BB,596,25,13,40,-99,2,14,50,63
7/10/1984,BB,588,54,31,139,-99,9,16,72,67
7/10/1984,BB,628,38,38,185,-99,11,18,72,47
7/25/1984,BB,495,14,14,7,-99,5,22,25,5
7/25/1984,BB,286,16,34,31,-99,4,25,32,11
8/8/1984,BB,444,9,9,31,-99,0,18,14,9
8/8/1984,BB,507,25,22,153,-99,2,11,13,22
9/14/1984,BB,992,166,173,72,-99,32,72,32,63
9/14/1984,BB,561,74,155,76,-99,23,49,45,85
9/21/1984,BB,635,22,25,79,-99,2,11,31,27
10/5/1984,BB,356,16,20,54,-99,2,18,38,5
10/5/1984,BB,515,16,54,41,-99,9,34,36,20
10/22/1984,BB,202,38,20,56,-99,4,5,52,23
10/22/1984,BB,297,79,76,310,-99,9,16,43,38
11/7/1984,BB,491,67,25,83,-99,7,20,70,34
11/7/1984,BB,457,36,45,72,-99,2,18,191,92
12/6/1984,BB,927,158,54,40,-99,22,43,97,97
12/6/1984,BB,943,140,41,40,-99,23,36,121,139
12/20/1984,BB,689,36,27,16,-99,5,20,220,40
12/20/1984,BB,453,23,22,16,-99,5,27,198,50
1/3/1984,DD,736,16,18,9,668,65,70,27,9
1/3/1984,DD,592,32,14,0,372,16,22,23,2
1/16/1984,DD,1443,40,70,36,1463,207,122,4,14
1/16/1984,DD,1420,38,74,20,480,83,79,34,4
1/30/1984,DD,642,5,0,0,149,200,38,7,0
2/14/1984,DD,921,23,67,5,1017,158,117,40,13
2/14/1984,DD,756,41,54,5,680,135,59,38,5
3/15/1984,DD,520,20,27,4,223,38,16,20,5
3/15/1984,DD,333,5,14,7,106,22,27,23,7
4/17/1984,DD,641,20,27,0,356,79,31,41,0
4/17/1984,DD,534,18,29,5,275,54,32,25,0
5/11/1984,DD,439,4,14,7,268,13,20,25,13
5/11/1984,DD,398,13,14,7,252,29,27,32,0
6/11/1984,DD,495,11,41,5,425,158,175,65,0
6/11/1984,DD,590,5,34,5,275,43,63,74,14
9/14/1984,DD,1080,13,16,22,558,70,106,34,5
9/14/1984,DD,853,5,38,40,702,68,79,54,32
12/6/1984,DD,723,58,59,7,412,52,34,38,2
12/6/1984,DD,603,31,41,7,502,34,54,20,20
12/20/1984,DD,628,140,292,0,146,58,36,5,4
12/20/1984,DD,545,23,11,0,115,99,32,4,0
1/8/1985,BB,266,0,22,11,-99,11,16,56,13
1/8/1985,BB,281,4,14,11,-99,11,20,79,4
1/18/1985,BB,437,13,25,20,-99,7,31,74,13
1/18/1985,BB,578,14,14,11,-99,14,27,115,4
2/4/1985,BB,716,22,23,13,-99,5,18,83,7
2/4/1985,BB,592,16,14,4,-99,7,25,59,4
2/18/1985,BB,918,29,49,9,-99,11,47,148,18
2/18/1985,BB,714,61,81,11,-99,7,32,191,13
3/5/1985,BB,1249,189,223,27,-99,45,59,135,23
3/5/1985,BB,1377,169,151,31,-99,50,41,106,23
3/19/1985,BB,525,14,4,16,-99,7,5,85,5
3/19/1985,BB,824,54,83,22,-99,18,31,85,2
4/3/1985,BB,574,22,41,5,-99,4,23,43,5
4/3/1985,BB,387,20,14,14,-99,4,14,47,5
4/18/1985,BB,716,171,157,32,-99,29,22,65,18
4/18/1985,BB,860,218,203,86,-99,38,23,103,9
5/1/1985,BB,702,103,81,50,-99,31,29,36,11
5/1/1985,BB,513,178,164,45,-99,16,18,47,14
5/17/1985,BB,657,4,50,63,-99,18,36,49,16
5/17/1985,BB,507,22,50,54,-99,9,14,40,18
5/31/1985,BB,588,18,32,90,-99,7,18,32,18
5/31/1985,BB,419,22,23,67,-99,5,5,36,14
6/13/1985,BB,351,22,70,212,-99,11,41,13,20
6/13/1985,BB,520,50,94,284,-99,16,38,67,20
6/28/1985,BB,390,13,45,50,-99,11,11,34,13
6/28/1985,BB,346,191,45,88,-99,20,14,59,65
7/15/1985,BB,495,54,43,254,-99,0,11,27,32
7/15/1985,BB,283,20,45,308,-99,2,7,41,14
7/29/1985,BB,185,65,20,77,-99,4,7,40,43
7/29/1985,BB,349,34,18,313,-99,2,7,65,77
8/13/1985,BB,408,65,7,45,-99,0,4,34,29
8/13/1985,BB,313,36,29,184,-99,2,16,23,18
8/27/1985,BB,351,32,20,76,-99,0,11,18,32
8/27/1985,BB,257,5,11,5,-99,2,14,23,5
9/11/1985,BB,390,211,113,176,-99,20,20,63,9
9/11/1985,BB,302,169,238,239,-99,31,22,74,27
9/25/1985,BB,410,142,68,50,-99,5,20,45,18
9/25/1985,BB,788,59,49,126,-99,4,13,34,34
10/11/1985,BB,444,16,45,45,-99,4,11,23,20
10/11/1985,BB,360,22,40,38,-99,0,5,40,22
10/25/1985,BB,574,29,45,29,-99,7,31,49,65
10/25/1985,BB,678,29,83,32,-99,5,18,45,54
11/11/1985,BB,435,220,117,79,-99,9,13,40,20
11/11/1985,BB,457,238,171,27,-99,9,14,54,7
11/25/1985,BB,612,38,61,38,-99,7,20,50,34
11/25/1985,BB,691,32,56,2,-99,4,22,58,54
12/9/1985,BB,819,286,148,18,-99,54,34,85,22
12/9/1985,BB,808,281,140,20,-99,41,31,97,52
12/21/1985,BB,360,13,11,0,-99,2,4,25,7
12/21/1985,BB,284,14,20,0,-99,2,7,38,16
1/4/1985,DD,565,20,27,7,416,18,47,47,2
1/4/1985,DD,617,16,14,7,232,5,23,22,7
1/18/1985,DD,475,47,32,0,153,342,32,5,0
1/18/1985,DD,441,27,14,0,324,243,34,9,2
2/4/1985,DD,777,20,36,9,245,20,31,16,4
2/4/1985,DD,785,9,9,5,236,29,22,31,0
2/18/1985,DD,180,5,4,0,23,61,5,11,4
2/18/1985,DD,182,9,7,0,67,126,9,0,0
3/5/1985,DD,651,52,1369,5,900,245,162,25,14
3/5/1985,DD,641,22,808,5,1382,207,149,72,7
3/19/1985,DD,662,63,32,4,157,349,133,23,4
4/3/1985,DD,1028,29,14,0,482,383,50,18,2
4/18/1985,DD,898,137,13,0,428,113,74,88,7
4/18/1985,DD,732,29,23,9,608,117,90,61,4
5/1/1985,DD,761,31,11,18,338,40,49,45,5
5/1/1985,DD,965,29,27,9,362,36,40,32,11
5/17/1985,DD,1531,13,5,7,160,421,72,43,27
5/31/1985,DD,860,16,2,14,207,302,41,16,9
5/31/1985,DD,995,22,4,13,112,387,65,25,22
6/13/1985,DD,777,16,68,13,576,101,126,36,25
6/13/1985,DD,581,7,41,9,346,52,72,43,11
6/28/1985,DD,972,18,9,4,108,187,43,13,9
6/28/1985,DD,893,61,85,4,189,351,81,18,41
7/15/1985,DD,657,9,34,7,148,31,40,22,4
7/15/1985,DD,653,67,36,4,113,9,22,29,7
7/29/1985,DD,1297,25,9,7,256,220,68,20,2
8/13/1985,DD,790,9,20,13,63,9,23,25,13
8/13/1985,DD,646,4,11,5,128,23,23,16,9
8/27/1985,DD,1017,22,70,9,86,171,43,7,11
8/27/1985,DD,570,4,4,0,56,94,20,5,7
9/11/1985,DD,527,29,34,9,97,43,40,29,13
9/11/1985,DD,579,9,32,14,90,27,43,18,20
9/25/1985,DD,372,0,0,0,128,220,36,13,27
9/25/1985,DD,76,23,22,4,115,284,43,5,11
10/11/1985,DD,549,7,68,5,58,18,23,34,14
10/11/1985,DD,633,4,95,5,124,22,20,31,5
10/25/1985,DD,473,40,36,2,92,182,23,13,0
10/25/1985,DD,606,43,185,0,61,270,38,16,5
11/25/1985,DD,1240,13,2,0,67,216,74,7,7
12/9/1985,DD,410,11,16,22,175,67,38,23,22
12/9/1985,DD,459,25,27,5,304,50,41,16,2
1/7/1986,BB,1600,218,166,11,-99,178,103,49,50
1/7/1986,BB,1794,162,180,22,-99,184,88,56,47
1/22/1986,BB,1207,63,106,7,-99,162,43,22,11
1/22/1986,BB,1065,61,25,9,-99,254,47,18,4
2/6/1986,BB,3345,144,257,13,-99,146,92,49,20
2/6/1986,BB,3698,83,139,13,-99,139,52,40,11
4/7/1986,BB,779,169,103,16,-99,18,29,79,0
4/7/1986,BB,738,178,79,7,-99,13,29,67,4
5/6/1986,BB,840,459,319,92,-99,85,32,11,9
5/6/1986,BB,1001,220,18,13,-99,47,9,5,4
5/21/1986,BB,678,286,171,193,-99,95,58,9,7
5/21/1986,BB,907,468,455,76,-99,193,58,4,18
6/5/1986,BB,569,130,103,77,-99,214,29,2,20
6/5/1986,BB,540,146,104,31,-99,196,13,11,20
6/19/1986,BB,315,16,13,2,-99,13,14,14,9
6/19/1986,BB,408,14,27,23,-99,16,18,40,11
7/3/1986,BB,466,47,18,43,-99,95,5,4,7
7/3/1986,BB,290,94,32,36,-99,144,13,7,11
7/18/1986,BB,191,256,113,41,-99,122,13,13,16
7/18/1986,BB,1008,135,77,274,-99,243,18,13,0
8/1/1986,BB,133,77,20,9,-99,95,0,9,11
8/1/1986,BB,311,74,23,9,-99,108,16,11,40
8/18/1986,BB,439,88,25,50,-99,63,16,14,25
8/18/1986,BB,263,83,20,58,-99,97,20,9,36
9/2/1986,BB,385,164,83,20,-99,14,18,38,36
9/2/1986,BB,950,157,63,7,-99,9,4,47,34
9/15/1986,BB,392,14,36,86,-99,65,16,23,23
9/15/1986,BB,428,218,40,23,-99,68,20,36,22
9/30/1986,BB,317,115,49,43,-99,45,16,9,16
9/30/1986,BB,344,153,38,54,-99,99,29,27,52
10/15/1986,BB,412,248,218,43,-99,86,22,23,32
10/15/1986,BB,394,302,428,70,-99,90,45,52,65
11/1/1986,BB,669,288,142,14,-99,67,25,20,16
11/1/1986,BB,392,272,333,7,-99,79,20,5,20
11/16/1986,BB,790,225,43,11,-99,49,7,49,9
12/2/1986,BB,992,157,13,5,-99,113,56,36,7
12/2/1986,BB,842,288,38,4,-99,140,88,49,11
12/15/1986,BB,1047,121,61,13,-99,14,49,49,18
12/15/1986,BB,1065,101,52,7,-99,20,40,50,20
12/31/1986,BB,1310,202,68,4,-99,139,72,49,18
12/31/1986,BB,1377,180,74,13,-99,139,153,34,25
1/22/1986,DD,842,20,11,2,76,200,31,11,4
2/6/1986,DD,331,38,5,2,85,151,38,16,2
2/6/1986,DD,968,20,16,0,104,203,45,16,2
4/7/1986,DD,369,25,58,5,88,22,41,61,5
4/7/1986,DD,252,18,14,4,67,11,20,34,4
5/6/1986,DD,954,38,5,0,407,122,92,13,9
5/6/1986,DD,1017,56,13,0,247,149,88,13,14
5/21/1986,DD,534,47,0,2,140,160,119,23,11
5/21/1986,DD,1427,61,0,0,401,378,137,77,22
6/5/1986,DD,884,7,2,2,146,299,47,20,5
6/5/1986,DD,848,13,2,0,119,256,67,16,18
6/19/1986,DD,664,18,43,7,149,49,40,40,13
6/19/1986,DD,430,22,23,5,198,76,79,58,20
7/3/1986,DD,232,0,0,0,5,7,4,13,2
7/3/1986,DD,223,0,0,0,25,36,5,7,2
7/18/1986,DD,626,25,5,2,146,220,41,54,5
8/1/1986,DD,695,32,32,0,124,157,22,52,4
8/1/1986,DD,821,41,25,4,148,351,68,41,9
8/18/1986,DD,1296,63,7,0,101,214,47,115,2
8/18/1986,DD,839,88,11,4,108,236,81,16,2
9/2/1986,DD,491,32,59,7,139,25,29,38,13
9/2/1986,DD,446,9,14,5,162,27,23,23,9
9/15/1986,DD,610,45,4,0,227,151,148,92,4
9/15/1986,DD,817,32,0,0,220,202,135,20,34
9/30/1986,DD,781,11,0,0,146,241,108,2,13
9/30/1986,DD,921,7,22,0,83,104,185,76,54
10/15/1986,DD,554,20,9,4,81,106,36,7,0
10/15/1986,DD,421,22,13,2,29,99,34,38,4
11/1/1986,DD,1164,97,41,2,175,131,104,20,0
11/1/1986,DD,1130,106,14,2,61,95,70,27,2
11/16/1986,DD,1220,81,14,0,88,122,54,36,0
12/15/1986,DD,822,45,41,5,902,99,140,74,9
12/15/1986,DD,770,81,52,7,498,72,54,61,5
12/31/1986,DD,202,45,11,0,38,86,99,4,0
12/31/1986,DD,563,108,14,2,81,97,175,7,2
1/13/1987,BB,596,95,106,13,-99,18,41,153,29
1/13/1987,BB,1526,95,40,16,-99,20,27,41,14
1/28/1987,BB,1017,97,25,5,-99,61,99,13,5
1/28/1987,BB,972,59,14,5,-99,122,74,14,9
2/11/1987,BB,1080,88,86,5,-99,25,54,274,14
2/11/1987,BB,1144,50,36,16,-99,22,41,247,13
3/13/1987,BB,1569,65,153,7,-99,32,63,133,23
3/13/1987,BB,1407,43,122,5,-99,20,67,103,13
3/26/1987,BB,961,119,36,4,-99,68,38,13,9
3/26/1987,BB,849,11,13,0,-99,68,38,14,0
4/13/1987,BB,1805,130,319,63,-99,72,173,173,25
4/13/1987,BB,1402,180,275,23,-99,68,169,119,13
4/27/1987,BB,1994,279,126,104,-99,94,63,14,9
5/11/1987,BB,1123,252,292,65,-99,31,49,115,0
5/11/1987,BB,1366,374,506,176,-99,29,113,164,23
5/26/1987,BB,1051,124,76,162,-99,128,32,5,7
6/9/1987,BB,691,157,121,119,-99,65,34,77,2
6/9/1987,BB,914,133,164,162,-99,47,76,58,11
6/23/1987,BB,698,180,61,157,-99,126,20,16,38
6/23/1987,BB,995,232,77,214,-99,97,31,14,49
7/8/1987,BB,880,198,65,148,-99,32,7,22,25
7/8/1987,BB,819,16,92,131,-99,61,9,5,68
7/21/1987,BB,633,130,58,166,-99,101,5,11,38
7/21/1987,BB,754,142,40,151,-99,83,9,9,41
8/6/1987,BB,328,207,23,166,-99,50,13,14,13
8/6/1987,BB,628,176,88,362,-99,27,61,43,13
8/21/1987,BB,714,20,9,25,-99,67,4,7,2
8/21/1987,BB,765,18,9,14,-99,104,11,18,9
9/4/1987,BB,1040,90,45,2,-99,5,5,25,4
9/4/1987,BB,788,59,16,11,-99,9,9,49,4
9/21/1987,BB,506,95,29,29,-99,77,27,23,7
9/21/1987,BB,479,94,41,29,-99,85,22,14,5
10/6/1987,BB,943,191,135,103,-99,14,36,52,34
10/6/1987,BB,540,214,137,142,-99,32,43,90,40
10/20/1987,BB,621,247,148,77,-99,130,59,22,20
10/20/1987,BB,768,277,162,101,-99,160,124,56,14
11/3/1987,BB,1071,346,214,45,-99,29,34,101,25
11/3/1987,BB,776,284,257,54,-99,36,59,106,23
11/17/1987,BB,1006,452,77,38,-99,77,41,31,9
11/17/1987,BB,1137,346,92,25,-99,95,41,45,11
12/4/1987,BB,1238,198,148,18,-99,25,97,130,137
12/4/1987,BB,1135,266,103,7,-99,23,58,106,130
12/18/1987,BB,698,225,56,14,-99,13,27,92,47
12/18/1987,BB,1010,139,83,11,-99,7,50,49,83
1/13/1987,DD,452,50,34,18,205,32,72,95,0
1/13/1987,DD,342,29,34,13,202,32,36,59,5
1/28/1987,DD,313,59,11,2,23,68,20,7,2
2/11/1987,DD,328,16,144,4,344,36,47,90,4
2/11/1987,DD,286,36,99,5,146,18,27,22,2
3/13/1987,DD,596,43,85,0,381,94,58,155,4
3/13/1987,DD,720,22,36,0,396,67,72,59,16
3/26/1987,DD,347,45,9,0,50,92,130,13,5
3/26/1987,DD,592,52,5,2,61,202,124,16,4
4/13/1987,DD,374,7,34,4,426,34,56,50,5
4/13/1987,DD,615,22,22,2,376,72,85,104,5
5/11/1987,DD,405,20,72,14,360,31,77,47,14
5/11/1987,DD,363,9,88,7,301,32,36,36,16
6/9/1987,DD,493,218,52,5,362,56,101,67,2
6/9/1987,DD,551,113,50,7,387,47,70,52,2
6/23/1987,DD,696,16,7,4,88,198,101,16,16
6/23/1987,DD,606,9,2,5,471,331,126,31,13
7/8/1987,DD,990,54,52,9,540,58,90,99,16
7/8/1987,DD,1028,58,20,2,403,16,72,38,14
8/6/1987,DD,1076,335,288,20,858,90,142,61,4
8/6/1987,DD,707,86,664,38,727,131,173,68,5
8/21/1987,DD,561,56,5,0,221,117,32,31,4
9/4/1987,DD,354,18,23,7,232,32,40,34,0
9/4/1987,DD,651,36,16,4,292,27,40,50,9
9/21/1987,DD,914,4,9,4,95,211,45,32,2
9/21/1987,DD,583,7,18,7,97,270,70,11,14
10/6/1987,DD,459,58,70,9,387,63,61,54,9
10/6/1987,DD,437,65,54,5,815,122,95,88,5
10/20/1987,DD,925,83,2,2,169,380,43,88,2
10/20/1987,DD,1134,40,2,0,331,369,59,54,7
11/3/1987,DD,797,236,151,4,677,121,106,50,0
11/3/1987,DD,723,342,236,5,525,58,106,56,2
11/17/1987,DD,709,22,7,2,187,241,45,22,18
11/17/1987,DD,507,277,14,5,52,185,56,16,20
12/4/1987,DD,614,175,110,5,333,31,85,49,5
12/4/1987,DD,509,95,49,5,417,36,81,34,4
1/4/1988,BB,1524,108,92,9,-99,22,76,104,103
1/4/1988,BB,1731,85,119,13,-99,20,67,122,185
1/18/1988,BB,876,203,5,4,-99,20,58,20,43
1/18/1988,BB,857,135,41,11,-99,63,76,4,41
2/2/1988,BB,1701,45,79,18,-99,29,61,176,58
2/2/1988,BB,1128,49,76,18,-99,32,106,126,54
2/16/1988,BB,914,157,58,9,-99,218,158,41,11
3/1/1988,BB,1326,36,70,4,-99,13,54,119,11
3/1/1988,BB,1074,32,32,5,-99,2,16,137,2
3/17/1988,BB,2604,94,133,23,-99,182,88,13,2
3/30/1988,BB,1569,63,94,14,-99,187,108,5,0
4/14/1988,BB,1490,50,92,67,-99,29,49,67,34
4/14/1988,BB,1526,27,67,20,-99,20,43,76,18
4/29/1988,BB,1276,157,112,142,-99,166,70,25,16
5/12/1988,BB,1085,162,214,229,-99,27,56,68,11
5/12/1988,BB,957,166,153,140,-99,31,40,67,7
5/27/1988,BB,1553,104,97,77,-99,121,67,29,13
5/27/1988,BB,1571,72,83,187,-99,238,29,16,9
6/10/1988,BB,612,115,101,77,-99,22,25,36,5
6/10/1988,BB,826,61,117,77,-99,25,36,20,4
6/27/1988,BB,1312,56,34,81,-99,94,13,20,0
6/27/1988,BB,993,126,27,106,-99,52,18,7,0
7/11/1988,BB,779,34,36,115,-99,5,29,36,4
7/11/1988,BB,759,27,49,47,-99,14,25,85,2
7/26/1988,BB,801,113,67,121,-99,101,18,14,4
7/26/1988,BB,749,110,88,196,-99,130,14,18,14
8/9/1988,BB,639,241,81,32,-99,16,18,70,11
8/9/1988,BB,666,121,119,36,-99,11,27,74,47
8/24/1988,BB,635,135,56,27,-99,119,16,16,7
8/24/1988,BB,650,115,50,25,-99,124,9,40,9
9/9/1988,BB,605,61,36,18,-99,5,36,36,11
9/9/1988,BB,538,50,63,18,-99,0,13,41,23
9/22/1988,BB,891,76,27,27,-99,76,16,41,16
9/22/1988,BB,763,50,4,13,-99,67,43,23,4
10/10/1988,BB,578,272,203,22,-99,14,52,41,20
10/10/1988,BB,749,166,220,16,-99,11,52,63,11
10/21/1988,BB,504,196,58,95,-99,76,40,56,13
10/21/1988,BB,569,363,88,54,-99,79,47,41,0
11/7/1988,BB,929,175,101,23,-99,14,31,146,18
11/7/1988,BB,992,293,126,54,-99,4,25,167,32
11/21/1988,BB,1146,448,38,128,-99,113,67,54,34
11/21/1988,BB,1573,403,50,97,-99,140,68,90,14
12/7/1988,BB,770,74,63,5,-99,11,23,72,16
12/7/1988,BB,794,95,36,9,-99,9,32,88,16
12/20/1988,BB,1123,108,148,14,-99,108,58,29,5
12/20/1988,BB,1153,149,112,18,-99,164,70,29,9
1/4/1988,DD,1143,72,94,4,1191,126,157,115,14
1/4/1988,DD,970,86,81,5,1639,140,139,99,9
1/18/1988,DD,635,85,25,9,383,356,164,34,4
1/18/1988,DD,389,27,0,5,239,207,106,11,7
2/2/1988,DD,576,155,27,11,480,23,36,45,9
2/2/1988,DD,358,144,29,2,302,47,32,36,0
2/16/1988,DD,299,50,14,7,158,176,68,5,2
3/1/1988,DD,549,90,32,4,310,34,36,34,2
3/1/1988,DD,603,41,43,9,367,27,65,20,4
3/17/1988,DD,606,38,9,11,248,169,103,13,9
3/17/1988,DD,713,128,7,16,428,135,130,16,2
4/14/1988,DD,574,158,36,9,247,23,49,25,0
4/14/1988,DD,471,110,20,7,308,20,43,13,2
4/29/1988,DD,342,40,2,5,113,223,50,27,0
5/12/1988,DD,596,47,54,2,385,31,56,54,5
5/12/1988,DD,808,56,56,2,371,43,43,36,0
5/27/1988,DD,815,32,2,9,173,250,86,43,2
6/10/1988,DD,668,70,36,9,410,27,79,36,2
6/10/1988,DD,736,139,23,5,453,27,54,56,0
7/11/1988,DD,981,47,25,4,588,101,65,56,0
7/11/1988,DD,738,31,20,11,353,49,67,49,0
7/26/1988,DD,1083,90,5,5,941,713,139,31,2
7/26/1988,DD,617,22,11,4,497,421,117,14,4
8/9/1988,DD,633,92,108,27,209,31,41,43,0
8/9/1988,DD,585,81,86,14,209,43,31,36,0
8/24/1988,DD,907,131,47,22,344,259,52,45,11
8/24/1988,DD,759,319,41,11,275,227,83,43,2
9/9/1988,DD,353,38,16,5,428,22,16,43,4
9/9/1988,DD,606,103,31,16,203,18,29,68,0
9/22/1988,DD,907,23,7,0,211,250,81,32,0
9/22/1988,DD,1288,94,7,23,148,211,160,56,4
10/10/1988,DD,471,157,579,11,113,16,23,29,5
10/10/1988,DD,524,173,250,16,144,13,20,36,7
10/21/1988,DD,925,167,50,2,184,198,56,14,0
11/7/1988,DD,918,133,81,4,254,31,22,45,0
11/7/1988,DD,619,103,50,5,248,18,27,22,0
11/21/1988,DD,927,367,256,0,92,130,103,9,14
11/21/1988,DD,338,79,65,4,155,52,50,5,5
12/7/1988,DD,579,124,126,7,191,31,41,27,11
12/7/1988,DD,369,148,68,0,124,16,27,31,2
12/20/1988,DD,493,144,20,2,99,94,58,11,0
12/20/1988,DD,574,232,22,4,83,99,50,5,0
1/5/1989,BB,740,90,117,16,-99,11,36,47,9
1/5/1989,BB,1096,122,135,16,-99,23,40,79,5
1/19/1989,BB,1328,180,90,7,-99,122,68,13,2
1/19/1989,BB,1292,112,38,2,-99,135,47,20,2
2/3/1989,BB,3162,104,117,27,-99,68,90,130,18
2/3/1989,BB,3644,61,95,9,-99,56,77,162,4
2/20/1989,BB,2363,101,77,25,-99,173,81,160,4
2/20/1989,BB,2366,58,88,14,-99,331,113,59,0
3/6/1989,BB,1087,52,104,2,-99,20,52,85,4
3/6/1989,BB,1062,117,200,18,-99,16,41,151,4
3/20/1989,BB,2503,112,115,23,-99,135,97,90,2
3/20/1989,BB,1627,119,101,13,-99,130,58,36,2
4/3/1989,BB,1596,92,90,14,-99,49,106,119,5
4/3/1989,BB,1479,110,63,27,-99,36,83,52,4
4/18/1989,BB,1528,117,126,47,-99,227,41,27,7
4/18/1989,BB,1621,115,151,74,-99,173,68,31,2
5/3/1989,BB,3122,407,160,45,-99,65,115,158,5
5/3/1989,BB,1873,520,167,31,-99,43,52,72,23
5/17/1989,BB,1139,308,97,54,-99,167,31,14,7
5/17/1989,BB,1166,283,144,68,-99,140,40,23,13
6/1/1989,BB,781,236,47,11,-99,11,9,81,25
6/1/1989,BB,551,369,59,13,-99,9,40,59,11
6/15/1989,BB,633,452,88,126,-99,121,18,11,2
6/15/1989,BB,626,97,112,59,-99,77,20,14,5
6/29/1989,BB,900,25,27,2,-99,11,16,22,14
6/29/1989,BB,873,20,23,11,-99,2,9,23,13
7/14/1989,BB,873,47,65,9,-99,18,18,40,2
7/14/1989,BB,635,86,130,13,-99,25,16,52,16
7/31/1989,BB,905,95,5,54,-99,5,45,25,0
7/31/1989,BB,1002,101,20,236,-99,18,18,54,0
8/15/1989,BB,857,70,81,25,-99,11,18,32,9
8/15/1989,BB,527,92,52,18,-99,13,20,41,22
8/28/1989,BB,911,115,45,18,-99,43,11,31,7
8/28/1989,BB,749,151,20,9,-99,32,9,34,5
9/11/1989,BB,680,74,36,5,-99,20,16,38,9
9/11/1989,BB,759,54,32,23,-99,13,31,67,4
9/27/1989,BB,362,59,25,5,-99,5,7,36,7
9/27/1989,BB,346,68,38,4,-99,4,11,38,16
10/13/1989,BB,328,70,72,13,-99,4,7,32,5
10/13/1989,BB,243,97,67,5,-99,5,18,16,9
10/25/1989,BB,698,18,13,5,-99,2,4,31,16
10/25/1989,BB,758,43,13,2,-99,2,4,32,16
11/10/1989,BB,738,302,185,4,-99,25,34,58,72
11/10/1989,BB,695,247,139,7,-99,23,40,61,135
11/28/1989,BB,1211,139,59,4,-99,70,18,49,2
11/28/1989,BB,1069,131,85,2,-99,63,18,61,13
12/11/1989,BB,1098,130,88,11,-99,36,56,112,45
12/11/1989,BB,500,76,18,7,-99,7,11,56,22
12/22/1989,BB,1108,77,76,5,-99,86,40,86,16
12/22/1989,BB,617,56,38,2,-99,29,25,41,9
1/5/1989,DD,714,61,25,25,435,23,56,32,0
1/5/1989,DD,531,16,18,0,480,38,61,61,0
1/19/1989,DD,830,178,25,2,149,182,67,11,0
1/19/1989,DD,718,95,4,0,187,148,38,7,2
2/3/1989,DD,563,45,43,2,167,18,41,32,0
2/3/1989,DD,605,49,36,2,358,27,52,54,0
2/20/1989,DD,970,103,23,0,178,200,67,38,0
3/6/1989,DD,828,130,72,27,441,23,32,41,2
3/6/1989,DD,909,88,41,0,351,40,40,103,5
3/20/1989,DD,1215,130,9,7,407,337,101,22,0
4/3/1989,DD,385,31,29,4,173,14,29,11,2
4/3/1989,DD,324,23,20,2,320,16,29,41,2
4/18/1989,DD,1396,354,77,13,194,266,81,11,2
4/18/1989,DD,992,248,56,11,446,209,65,40,2
5/3/1989,DD,594,160,31,4,527,36,47,34,2
5/3/1989,DD,516,155,47,34,178,11,38,49,0
5/17/1989,DD,1317,196,41,13,175,261,189,9,4
6/1/1989,DD,333,16,9,5,130,14,23,14,5
6/1/1989,DD,434,41,32,11,200,36,79,65,2
6/15/1989,DD,1258,124,41,40,128,292,112,36,5
6/15/1989,DD,974,162,13,13,77,180,92,20,5
6/29/1989,DD,1085,50,14,5,128,203,97,27,0
6/29/1989,DD,529,22,0,0,95,119,34,11,5
7/14/1989,DD,714,25,45,2,471,43,63,27,0
7/14/1989,DD,736,20,49,2,705,56,54,23,13
7/31/1989,DD,551,38,0,0,200,18,68,14,0
7/31/1989,DD,1037,38,9,18,207,5,41,31,0
8/15/1989,DD,687,45,29,2,363,50,81,61,16
8/15/1989,DD,608,135,99,2,293,27,41,36,9
8/28/1989,DD,938,22,2,0,79,211,65,25,2
8/28/1989,DD,995,7,0,7,103,272,68,34,7
9/11/1989,DD,626,36,38,11,146,22,34,45,2
9/11/1989,DD,319,23,34,4,437,85,92,52,4
9/27/1989,DD,234,2,2,0,13,9,14,14,0
9/27/1989,DD,193,13,18,0,22,11,5,13,5
10/13/1989,DD,247,27,11,2,92,13,18,29,0
10/13/1989,DD,234,16,9,2,88,2,11,27,0
10/25/1989,DD,934,92,31,2,155,169,63,32,7
10/25/1989,DD,626,77,63,2,31,95,18,5,2
11/10/1989,DD,353,113,346,5,173,23,31,27,13
11/10/1989,DD,362,106,153,7,166,16,25,13,2
11/28/1989,DD,358,67,14,4,63,106,22,13,4
12/11/1989,DD,225,27,13,0,76,2,2,5,0
12/11/1989,DD,194,11,31,2,56,4,11,14,0
12/22/1989,DD,651,38,5,5,74,90,77,18,13
12/22/1989,DD,450,25,0,11,76,94,52,14,11
1/9/1990,BB,1553,113,101,29,-99,41,95,54,29
1/9/1990,BB,1288,90,124,5,-99,14,38,95,23
1/24/1990,BB,2145,99,171,9,-99,83,86,108,2
1/24/1990,BB,2035,207,333,4,-99,119,106,189,4
2/7/1990,BB,1155,72,137,14,-99,22,52,45,5
2/7/1990,BB,1258,67,108,7,-99,34,47,65,4
2/21/1990,BB,1454,61,106,7,-99,50,2,7,0
2/21/1990,BB,1346,61,63,4,-99,43,23,9,2
3/9/1990,BB,3626,218,301,11,-99,34,45,126,0
3/9/1990,BB,2732,214,221,13,-99,9,36,94,5
3/23/1990,BB,2544,223,164,14,-99,148,52,38,2
3/23/1990,BB,2305,173,279,18,-99,146,76,31,4
4/8/1990,BB,2075,320,58,25,-99,16,36,97,9
4/8/1990,BB,1526,119,142,18,-99,20,29,137,13
4/20/1990,BB,1893,308,130,22,-99,86,29,25,0
4/20/1990,BB,2552,283,399,113,-99,151,76,25,2
5/4/1990,BB,983,196,220,40,-99,41,58,59,2
5/4/1990,BB,635,223,108,23,-99,7,7,40,7
5/21/1990,BB,1198,475,354,106,-99,176,97,59,9
5/21/1990,BB,1083,423,423,149,-99,245,88,88,22
6/4/1990,BB,840,135,178,47,-99,65,61,72,13
6/4/1990,BB,714,106,157,61,-99,32,58,65,22
6/20/1990,BB,797,149,52,126,-99,112,45,25,2
6/20/1990,BB,1110,149,131,160,-99,126,27,29,18
7/3/1990,BB,848,90,139,25,-99,29,32,72,18
7/3/1990,BB,687,86,16,41,-99,11,22,49,5
7/18/1990,BB,903,191,94,117,-99,126,29,4,29
7/18/1990,BB,891,263,112,115,-99,103,25,7,20
8/2/1990,BB,617,36,50,38,-99,32,23,38,11
8/2/1990,BB,529,47,54,16,-99,13,16,27,36
8/18/1990,BB,545,70,16,29,-99,52,5,25,7
8/18/1990,BB,1596,70,22,49,-99,68,11,45,2
8/31/1990,BB,461,74,25,25,-99,83,18,18,5
8/31/1990,BB,671,72,45,22,-99,63,13,29,4
9/18/1990,BB,642,32,34,14,-99,14,13,22,14
9/18/1990,BB,723,20,32,18,-99,11,16,76,7
10/1/1990,BB,356,74,31,36,-99,49,27,29,7
10/1/1990,BB,669,77,61,50,-99,29,27,40,5
10/16/1990,BB,758,104,203,36,-99,13,20,61,16
10/16/1990,BB,1083,63,74,13,-99,9,22,65,5
11/1/1990,BB,644,81,74,7,-99,18,31,23,5
11/1/1990,BB,772,88,58,2,-99,2,11,25,11
11/30/1990,BB,857,173,27,9,-99,41,13,59,13
11/30/1990,BB,1022,182,67,2,-99,63,29,23,25
12/14/1990,BB,405,25,25,0,-99,4,14,61,25
12/14/1990,BB,387,40,18,2,-99,4,11,40,31
12/31/1990,BB,1143,193,74,2,-99,122,88,54,23
12/31/1990,BB,1015,169,90,13,-99,76,45,70,31
1/9/1990,DD,319,29,34,2,99,14,23,27,0
1/9/1990,DD,238,11,47,2,133,27,11,90,2
1/24/1990,DD,596,38,2,2,184,121,68,5,0
1/24/1990,DD,612,20,4,2,605,59,72,4,4
2/7/1990,DD,551,27,32,4,198,11,20,95,13
2/7/1990,DD,504,20,47,0,220,23,45,32,0
2/21/1990,DD,479,22,5,5,94,103,50,18,13
3/9/1990,DD,876,23,122,2,612,106,104,90,0
3/9/1990,DD,738,20,92,9,570,124,106,106,0
3/23/1990,DD,713,27,5,2,65,115,40,41,2
3/23/1990,DD,509,22,34,4,79,94,38,115,0
4/8/1990,DD,491,9,23,5,256,22,50,54,5
4/8/1990,DD,470,2,22,14,279,106,70,121,9
4/20/1990,DD,256,4,11,2,63,61,23,13,2
5/4/1990,DD,977,18,47,0,229,47,47,43,16
5/4/1990,DD,1152,31,38,18,358,47,47,65,4
5/21/1990,DD,570,32,20,4,130,142,54,25,11
5/21/1990,DD,882,47,14,9,92,99,106,54,7
6/4/1990,DD,293,0,14,16,124,22,58,59,4
6/4/1990,DD,570,59,40,5,329,52,81,41,2
6/20/1990,DD,1405,7,7,0,117,311,40,23,0
6/20/1990,DD,988,11,2,0,106,349,83,67,0
7/3/1990,DD,770,20,2,4,155,14,27,47,2
7/3/1990,DD,801,29,11,2,99,11,40,79,0
7/18/1990,DD,1224,56,27,11,164,243,135,59,4
7/18/1990,DD,932,218,34,23,131,164,49,43,5
8/2/1990,DD,1044,13,9,22,122,18,25,49,29
8/2/1990,DD,664,7,11,0,68,2,16,36,2
8/18/1990,DD,918,34,7,9,124,133,49,43,7
8/18/1990,DD,887,38,9,0,61,164,31,16,5
8/31/1990,DD,1423,4,2,4,130,320,128,94,2
8/31/1990,DD,1105,25,4,0,86,363,88,68,2
9/18/1990,DD,1380,104,32,7,729,63,90,47,0
9/18/1990,DD,912,13,36,5,407,47,36,50,0
10/1/1990,DD,570,11,7,2,92,146,47,5,0
10/1/1990,DD,947,52,9,5,124,302,68,16,0
10/16/1990,DD,979,191,59,14,358,86,74,63,0
10/16/1990,DD,639,61,59,4,455,47,68,52,0
11/1/1990,DD,605,124,38,7,185,22,50,72,0
11/1/1990,DD,549,101,52,9,171,29,27,45,0
11/30/1990,DD,837,290,835,2,63,202,74,18,4
11/30/1990,DD,804,221,202,2,112,148,36,13,0
12/14/1990,DD,799,88,58,4,173,52,70,36,0
12/14/1990,DD,599,58,22,11,86,27,31,40,2
12/31/1990,DD,821,131,25,11,92,103,81,27,0
12/31/1990,DD,713,72,13,2,59,104,67,36,0
1/15/1991,BB,1314,86,59,2,-99,23,34,49,14
1/15/1991,BB,1254,104,29,9,-99,13,14,67,40
1/29/1991,BB,408,95,63,13,-99,65,65,25,5
1/29/1991,BB,542,130,146,11,-99,99,59,11,18
2/14/1991,BB,1339,103,130,2,-99,18,49,108,32
2/14/1991,BB,1071,160,52,2,-99,11,22,86,11
2/27/1991,BB,1765,304,578,14,-99,97,117,34,4
2/27/1991,BB,1866,328,498,31,-99,151,144,31,7
3/15/1991,BB,502,40,77,4,-99,2,20,22,9
3/15/1991,BB,815,110,65,11,-99,5,29,70,11
3/28/1991,BB,1713,358,408,59,-99,167,146,29,4
3/28/1991,BB,1001,376,363,52,-99,122,68,36,7
4/10/1991,BB,623,218,94,11,-99,9,7,29,0
4/10/1991,BB,806,203,63,5,-99,4,20,36,16
4/26/1991,BB,1148,317,227,113,-99,76,92,14,13
4/26/1991,BB,1200,457,272,133,-99,97,41,16,9
5/10/1991,BB,623,171,115,47,-99,7,14,31,16
5/10/1991,BB,682,178,104,45,-99,5,11,23,5
5/27/1991,BB,587,281,171,50,-99,124,14,27,41
5/27/1991,BB,686,313,153,70,-99,155,32,16,34
6/10/1991,BB,866,41,13,4,-99,7,18,59,4
6/10/1991,BB,545,34,13,29,-99,13,13,32,34
6/24/1991,BB,471,25,7,63,-99,29,2,11,2
6/24/1991,BB,574,47,14,14,-99,65,9,13,7
7/8/1991,BB,659,162,153,94,-99,90,52,18,13
7/8/1991,BB,608,196,68,32,-99,13,20,34,5
7/22/1991,BB,680,115,72,178,-99,149,32,7,16
7/22/1991,BB,592,108,135,182,-99,247,43,9,31
8/6/1991,BB,446,86,67,50,-99,16,16,13,56
8/6/1991,BB,335,43,92,29,-99,4,5,14,52
8/21/1991,BB,439,216,103,11,-99,94,14,18,7
8/21/1991,BB,426,76,68,76,-99,77,16,31,11
9/6/1991,BB,351,94,130,7,-99,7,13,31,16
9/6/1991,BB,493,92,94,11,-99,9,11,23,13
9/19/1991,BB,675,50,25,52,-99,54,23,31,11
9/19/1991,BB,362,81,56,191,-99,86,36,18,16
10/3/1991,BB,261,110,77,16,-99,11,14,41,25
10/3/1991,BB,549,43,34,9,-99,7,4,58,29
10/22/1991,BB,749,128,115,50,-99,70,25,40,23
10/22/1991,BB,761,189,149,25,-99,115,58,34,11
11/5/1991,BB,470,149,58,20,-99,0,4,40,50
11/5/1991,BB,401,187,41,2,-99,2,2,54,45
11/21/1991,BB,684,367,104,16,-99,58,40,56,59
11/21/1991,BB,968,621,225,11,-99,113,54,50,81
12/3/1991,BB,565,92,47,5,-99,5,13,38,14
12/3/1991,BB,371,122,16,5,-99,9,11,92,23
12/19/1991,BB,1249,202,88,25,-99,230,32,38,41
12/19/1991,BB,1090,194,92,16,-99,248,50,49,56
1/15/1991,DD,360,20,18,2,56,4,9,61,4
1/15/1991,DD,353,16,13,7,56,7,20,72,0
1/29/1991,DD,723,40,16,4,76,115,40,32,0
1/29/1991,DD,689,90,36,2,101,149,45,18,2
2/14/1991,DD,1110,31,40,23,342,32,65,14,4
2/14/1991,DD,891,38,25,9,149,2,20,108,2
2/27/1991,DD,768,216,49,5,83,76,59,14,2
2/27/1991,DD,794,211,43,5,72,171,77,16,2
3/15/1991,DD,869,68,22,0,153,0,25,29,0
3/15/1991,DD,693,58,18,5,189,9,31,34,7
3/28/1991,DD,893,115,38,0,94,158,86,22,2
3/28/1991,DD,907,130,34,7,97,155,65,32,2
4/10/1991,DD,754,63,50,5,261,27,16,32,9
4/10/1991,DD,432,31,18,2,117,4,18,23,2
4/26/1991,DD,858,50,40,5,103,135,79,54,0
4/26/1991,DD,966,175,27,13,117,182,99,99,2
5/10/1991,DD,891,52,56,7,322,32,65,65,16
5/10/1991,DD,1263,133,67,14,175,18,36,63,7
5/27/1991,DD,635,83,36,0,95,0,18,18,5
5/27/1991,DD,678,40,16,0,81,2,14,41,4
6/10/1991,DD,920,38,25,7,254,34,31,52,0
6/10/1991,DD,765,47,40,2,385,36,43,167,0
6/24/1991,DD,432,7,13,14,104,23,13,32,2
6/24/1991,DD,498,131,38,5,166,18,36,67,13
7/8/1991,DD,945,79,22,5,95,29,29,58,4
7/8/1991,DD,885,50,29,4,95,27,20,16,2
7/22/1991,DD,1256,74,23,0,83,232,59,40,7
7/22/1991,DD,952,101,56,5,115,113,41,18,9
8/6/1991,DD,812,59,14,14,140,5,11,32,2
8/6/1991,DD,689,34,40,2,187,16,11,43,14
8/21/1991,DD,995,184,36,11,108,119,59,43,2
8/21/1991,DD,1542,99,16,2,248,272,117,43,2
9/6/1991,DD,986,185,16,4,211,4,40,41,0
9/6/1991,DD,974,90,45,16,248,23,22,31,4
9/19/1991,DD,849,61,32,5,238,279,86,34,4
9/19/1991,DD,727,90,160,5,144,266,54,31,4
10/3/1991,DD,747,22,41,9,239,32,49,56,7
10/3/1991,DD,680,32,61,14,115,13,23,22,13
10/22/1991,DD,489,36,5,2,81,200,83,34,2
10/22/1991,DD,963,140,13,7,47,112,92,22,5
11/5/1991,DD,592,236,88,5,131,5,16,77,4
11/5/1991,DD,558,113,110,11,169,11,14,52,0
11/21/1991,DD,480,94,49,0,45,97,27,43,9
11/21/1991,DD,650,56,29,4,63,97,83,9,2
12/3/1991,DD,567,101,45,7,160,9,9,22,5
12/3/1991,DD,374,45,32,20,85,2,9,18,5
12/19/1991,DD,579,337,5,2,153,50,77,18,0
12/19/1991,DD,610,151,11,4,563,122,68,20,0
1/3/1992,BB,876,59,43,0,-99,13,31,83,16
1/3/1992,BB,1069,90,65,5,-99,31,49,70,34
1/17/1992,BB,1202,140,108,9,-99,32,45,175,5
1/17/1992,BB,824,198,50,16,-99,4,22,63,13
1/31/1992,BB,507,40,34,0,-99,2,13,79,0
1/31/1992,BB,570,40,34,2,-99,7,16,112,2
2/17/1992,BB,1776,126,94,9,-99,29,52,187,13
2/17/1992,BB,1123,86,47,7,-99,5,16,104,9
3/2/1992,BB,1028,79,40,2,-99,5,34,124,22
3/2/1992,BB,768,54,45,2,-99,2,20,56,31
3/16/1992,BB,979,61,81,22,-99,9,20,92,16
3/16/1992,BB,934,45,38,7,-99,2,2,70,16
4/2/1992,BB,668,59,47,5,-99,14,36,92,14
4/2/1992,BB,736,86,92,4,-99,25,23,103,36
4/14/1992,BB,698,32,50,9,-99,18,22,74,18
4/14/1992,BB,810,50,23,16,-99,16,5,119,9
5/13/1992,BB,650,149,139,11,-99,13,16,137,243
5/13/1992,BB,700,115,61,9,-99,4,13,124,139
6/11/1992,BB,828,22,29,2,-99,0,5,41,97
6/11/1992,BB,956,36,49,16,-99,4,13,76,43
6/26/1992,BB,711,155,72,27,-99,18,29,43,25
6/26/1992,BB,675,99,27,7,-99,5,4,22,13
7/10/1992,BB,493,76,58,7,-99,7,9,47,14
7/10/1992,BB,547,49,70,20,-99,2,2,27,23
7/27/1992,BB,543,79,86,13,-99,9,11,65,56
7/27/1992,BB,561,68,29,23,-99,16,5,38,29
8/10/1992,BB,606,29,85,47,-99,14,23,32,43
8/10/1992,BB,716,49,45,27,-99,2,9,14,121
8/25/1992,BB,453,23,25,103,-99,11,16,22,58
8/25/1992,BB,520,13,20,34,-99,4,16,29,40
9/8/1992,BB,468,67,95,14,-99,22,16,18,18
9/8/1992,BB,482,86,68,5,-99,20,23,34,4
9/23/1992,BB,657,90,76,2,-99,16,18,56,0
9/23/1992,BB,624,56,61,4,-99,14,31,18,22
10/8/1992,BB,513,31,34,2,-99,2,9,18,0
10/8/1992,BB,556,18,22,5,-99,5,9,29,0
10/22/1992,BB,477,126,70,9,-99,2,22,52,34
10/22/1992,BB,383,119,49,2,-99,9,9,40,27
11/9/1992,BB,770,70,49,5,-99,7,13,47,32
11/9/1992,BB,590,85,32,11,-99,4,9,77,34
11/24/1992,BB,390,56,34,9,-99,5,11,32,47
11/24/1992,BB,383,41,11,11,-99,5,16,43,47
12/9/1992,BB,369,40,-99,2,-99,22,34,50,52
12/9/1992,BB,279,31,34,4,-99,0,9,29,58
12/21/1992,BB,567,14,31,14,-99,5,16,65,41
12/21/1992,BB,482,41,29,11,-99,0,11,52,160
1/3/1992,DD,810,40,23,27,184,11,34,86,4
1/3/1992,DD,632,63,32,9,135,16,32,72,14
1/17/1992,DD,529,74,121,22,76,9,13,31,11
1/17/1992,DD,520,97,22,11,176,5,16,16,5
1/31/1992,DD,419,34,56,0,103,16,5,72,0
1/31/1992,DD,450,25,29,0,155,16,22,49,0
2/17/1992,DD,734,32,58,31,202,18,32,76,4
2/17/1992,DD,455,29,52,4,144,9,14,72,14
3/2/1992,DD,797,146,139,27,148,0,31,63,18
3/2/1992,DD,648,77,58,4,173,2,20,65,9
3/16/1992,DD,520,50,31,5,50,14,27,5,7
3/16/1992,DD,371,34,13,4,72,11,4,20,2
4/2/1992,DD,597,40,25,9,176,2,45,41,11
4/2/1992,DD,473,13,20,13,124,2,18,92,9
4/14/1992,DD,788,257,34,5,157,18,22,27,18
4/14/1992,DD,534,88,86,7,95,18,13,50,5
5/13/1992,DD,745,47,16,9,184,11,2,14,5
5/13/1992,DD,637,31,27,4,153,5,14,23,7
6/11/1992,DD,950,83,4,4,144,4,13,68,2
6/11/1992,DD,837,27,23,7,257,9,13,36,0
6/26/1992,DD,866,20,20,14,209,23,32,40,14
6/26/1992,DD,804,63,20,7,171,23,27,61,2
7/10/1992,DD,779,27,27,9,189,4,16,25,11
7/10/1992,DD,662,25,34,13,101,14,25,38,4
7/27/1992,DD,824,43,49,22,173,18,13,34,16
7/27/1992,DD,599,29,27,14,200,7,14,43,16
8/10/1992,DD,923,140,205,20,153,25,36,104,9
8/10/1992,DD,662,130,200,20,131,25,25,59,9
8/25/1992,DD,758,149,101,20,97,7,25,65,16
8/25/1992,DD,606,131,54,11,77,11,20,56,4
9/8/1992,DD,1002,49,40,0,157,22,22,49,2
9/8/1992,DD,945,72,25,5,247,49,36,63,4
9/23/1992,DD,930,45,65,23,270,43,27,103,7
9/23/1992,DD,815,36,23,11,178,14,32,52,7
10/8/1992,DD,650,88,302,5,173,23,36,40,2
10/8/1992,DD,527,148,77,14,112,13,22,103,18
10/22/1992,DD,614,130,61,9,119,13,14,34,7
10/22/1992,DD,578,117,32,11,221,13,14,34,22
11/9/1992,DD,633,169,47,5,160,9,45,94,13
11/9/1992,DD,588,149,31,5,301,14,38,72,25
11/24/1992,DD,380,38,16,4,128,4,14,68,4
11/24/1992,DD,337,34,18,2,115,5,5,49,0
12/9/1992,DD,462,34,32,2,139,4,14,88,0
12/9/1992,DD,556,95,27,20,247,2,9,67,16
12/21/1992,DD,693,86,43,20,128,2,18,22,49
12/21/1992,DD,585,58,41,7,139,2,16,29,16
